[stderr] INFO:     Started server process [67477]
[stderr] INFO:     Waiting for application startup.
[stderr] INFO:     Application startup complete.
[stderr] INFO:     Uvicorn running on http://127.0.0.1:8765 (Press CTRL+C to quit)
INFO:     127.0.0.1:58433 - "GET /health HTTP/1.1" 200 OK
[stderr] INFO:     ('127.0.0.1', 58434) - "WebSocket /ws" [accepted]
[stderr] 2026-07-23 21:57:31 INFO     [codeboarding_pro.ws.server:258] WebSocket connected: session 14d2ff79-b6e3-4c5a-90ed-f67b71ba94b5
[stderr] INFO:     connection open
[stderr] 2026-07-23 21:57:31 INFO     [tool_registry.manifest:309] has_required_tools: csharp unavailable (dotnet missing); skipping check
[stderr] 2026-07-23 21:57:31 INFO     [codeboarding_pro.lsp.bootstrap:56] LSP startup attempt 1/3
[stderr] 2026-07-23 21:57:31 INFO     [codeboarding_pro.session:182] Session 14d2ff79-b6e3-4c5a-90ed-f67b71ba94b5 initialized: repo=/Users/crow/SoftwareProjects/chevalier, project=chevalier, output=/Users/crow/SoftwareProjects/chevalier/.codeboarding
[stderr] 2026-07-23 21:57:43 INFO     [static_analyzer.typescript_config_scanner:82] Found 1 TypeScript project(s) in repository (1 total files across all projects)
[stderr] 2026-07-23 21:57:43 INFO     [static_analyzer:104] Creating engine config for JavaScript at repo root (1 files across 1 tsconfig project(s): ts)
[stderr] 2026-07-23 21:58:19 INFO     [static_analyzer.typescript_config_scanner:82] Found 1 TypeScript project(s) in repository (1 total files across all projects)
[stderr] 2026-07-23 21:58:19 INFO     [static_analyzer:104] Creating engine config for TypeScript at repo root (1 files across 1 tsconfig project(s): ts)
[stderr] 2026-07-23 21:58:19 INFO     [static_analyzer:238] Starting engine LSP client for JavaScript at /Users/crow/SoftwareProjects/chevalier
[stderr] 2026-07-23 21:58:19 INFO     [static_analyzer:263] JavaScript LSP start: 0.3s
[stderr] 2026-07-23 21:58:19 INFO     [static_analyzer:238] Starting engine LSP client for Python at /Users/crow/SoftwareProjects/chevalier
[stderr] 2026-07-23 21:58:19 INFO     [static_analyzer:263] Python LSP start: 0.3s
[stderr] 2026-07-23 21:58:19 INFO     [static_analyzer:238] Starting engine LSP client for Rust at /Users/crow/SoftwareProjects/chevalier
[stderr] 2026-07-23 21:58:19 INFO     [static_analyzer:263] Rust LSP start: 0.2s
[stderr] 2026-07-23 21:58:19 INFO     [static_analyzer.engine.lsp_client:460] Waiting for LSP server to be ready...
[stderr] 2026-07-23 21:58:47 INFO     [static_analyzer.engine.lsp_client:773] LSP server: rust-analyzer quiescent (health=warning)
[stderr] 2026-07-23 21:58:47 INFO     [static_analyzer.engine.lsp_client:462] Server ready
[stderr] 2026-07-23 21:58:47 INFO     [static_analyzer:273] Rust workspace ready: 27.2s
[stderr] 2026-07-23 21:58:47 INFO     [static_analyzer:238] Starting engine LSP client for TypeScript at /Users/crow/SoftwareProjects/chevalier
[stderr] 2026-07-23 21:58:47 INFO     [static_analyzer:263] TypeScript LSP start: 0.2s
[stderr] 2026-07-23 21:58:47 INFO     [codeboarding_pro.file_monitor:106] FileMonitor started for /Users/crow/SoftwareProjects/chevalier
[stderr] 2026-07-23 21:58:47 INFO     [codeboarding_pro.session:201] Session 14d2ff79-b6e3-4c5a-90ed-f67b71ba94b5: FileMonitor activated
[stderr] 2026-07-23 21:58:47 INFO     [codeboarding_pro.session:242] Session 14d2ff79-b6e3-4c5a-90ed-f67b71ba94b5: LSP wiring complete
[stderr] 2026-07-23 21:58:47 INFO     [codeboarding_pro.lsp.bootstrap:67] LSP clients started successfully (attempt 1)
[stderr] 2026-07-23 22:20:05 INFO     [watchfiles.main:308] 1 change detected
[stderr] 2026-07-23 22:20:06 WARNING  [codeboarding_pro.analysis_controller:458] Skipping incremental update: full analysis artifacts not ready yet
[stderr] 2026-07-23 22:20:06 INFO     [codeboarding_pro.analysis_controller:279] No cached analysis results; skipping health report
[stderr] 2026-07-23 22:20:22 INFO     [watchfiles.main:308] 1 change detected
[stderr] 2026-07-23 22:20:22 WARNING  [codeboarding_pro.analysis_controller:458] Skipping incremental update: full analysis artifacts not ready yet
[stderr] 2026-07-23 22:20:22 INFO     [codeboarding_pro.analysis_controller:279] No cached analysis results; skipping health report
[stderr] 2026-07-23 22:20:27 INFO     [watchfiles.main:308] 1 change detected
[stderr] 2026-07-23 22:20:27 WARNING  [codeboarding_pro.analysis_controller:458] Skipping incremental update: full analysis artifacts not ready yet
[stderr] 2026-07-23 22:20:27 INFO     [codeboarding_pro.analysis_controller:279] No cached analysis results; skipping health report
[stderr] 2026-07-23 22:21:36 INFO     [watchfiles.main:308] 1 change detected
[stderr] 2026-07-23 22:21:36 WARNING  [codeboarding_pro.analysis_controller:458] Skipping incremental update: full analysis artifacts not ready yet
[stderr] 2026-07-23 22:21:36 INFO     [codeboarding_pro.analysis_controller:279] No cached analysis results; skipping health report
[stderr] 2026-07-23 22:22:22 INFO     [watchfiles.main:308] 1 change detected
[stderr] 2026-07-23 22:22:22 WARNING  [codeboarding_pro.analysis_controller:458] Skipping incremental update: full analysis artifacts not ready yet
[stderr] 2026-07-23 22:22:22 INFO     [codeboarding_pro.analysis_controller:279] No cached analysis results; skipping health report
[stderr] 2026-07-23 22:22:35 INFO     [watchfiles.main:308] 1 change detected
[stderr] 2026-07-23 22:22:36 WARNING  [codeboarding_pro.analysis_controller:458] Skipping incremental update: full analysis artifacts not ready yet
[stderr] 2026-07-23 22:22:36 INFO     [codeboarding_pro.analysis_controller:279] No cached analysis results; skipping health report
[stderr] 2026-07-23 22:22:55 INFO     [watchfiles.main:308] 1 change detected
[stderr] 2026-07-23 22:22:56 WARNING  [codeboarding_pro.analysis_controller:458] Skipping incremental update: full analysis artifacts not ready yet
[stderr] 2026-07-23 22:22:56 INFO     [codeboarding_pro.analysis_controller:279] No cached analysis results; skipping health report
[stderr] 2026-07-23 22:23:33 INFO     [watchfiles.main:308] 1 change detected
[stderr] 2026-07-23 22:23:33 WARNING  [codeboarding_pro.analysis_controller:458] Skipping incremental update: full analysis artifacts not ready yet
[stderr] 2026-07-23 22:23:33 INFO     [codeboarding_pro.analysis_controller:279] No cached analysis results; skipping health report
[stderr] 2026-07-23 22:23:54 INFO     [watchfiles.main:308] 1 change detected
[stderr] 2026-07-23 22:23:55 WARNING  [codeboarding_pro.analysis_controller:458] Skipping incremental update: full analysis artifacts not ready yet
[stderr] 2026-07-23 22:23:55 INFO     [codeboarding_pro.analysis_controller:279] No cached analysis results; skipping health report
[stderr] 2026-07-23 22:24:18 INFO     [watchfiles.main:308] 1 change detected
[stderr] 2026-07-23 22:24:19 WARNING  [codeboarding_pro.analysis_controller:458] Skipping incremental update: full analysis artifacts not ready yet
[stderr] 2026-07-23 22:24:19 INFO     [codeboarding_pro.analysis_controller:279] No cached analysis results; skipping health report
[stderr] 2026-07-23 22:24:27 INFO     [watchfiles.main:308] 1 change detected
[stderr] 2026-07-23 22:24:28 WARNING  [codeboarding_pro.analysis_controller:458] Skipping incremental update: full analysis artifacts not ready yet
[stderr] 2026-07-23 22:24:28 INFO     [codeboarding_pro.analysis_controller:279] No cached analysis results; skipping health report
[stderr] 2026-07-23 22:24:38 INFO     [watchfiles.main:308] 1 change detected
[stderr] 2026-07-23 22:24:39 WARNING  [codeboarding_pro.analysis_controller:458] Skipping incremental update: full analysis artifacts not ready yet
[stderr] 2026-07-23 22:24:39 INFO     [codeboarding_pro.analysis_controller:279] No cached analysis results; skipping health report
[stderr] 2026-07-23 22:24:51 INFO     [watchfiles.main:308] 1 change detected
[stderr] 2026-07-23 22:24:51 WARNING  [codeboarding_pro.analysis_controller:458] Skipping incremental update: full analysis artifacts not ready yet
[stderr] 2026-07-23 22:24:51 INFO     [codeboarding_pro.analysis_controller:279] No cached analysis results; skipping health report
[stderr] 2026-07-23 22:25:04 INFO     [watchfiles.main:308] 1 change detected
[stderr] 2026-07-23 22:25:05 WARNING  [codeboarding_pro.analysis_controller:458] Skipping incremental update: full analysis artifacts not ready yet
[stderr] 2026-07-23 22:25:05 INFO     [codeboarding_pro.analysis_controller:279] No cached analysis results; skipping health report
[stderr] 2026-07-23 22:26:35 INFO     [watchfiles.main:308] 1 change detected
[stderr] 2026-07-23 22:26:35 WARNING  [codeboarding_pro.analysis_controller:458] Skipping incremental update: full analysis artifacts not ready yet
[stderr] 2026-07-23 22:26:35 INFO     [codeboarding_pro.analysis_controller:279] No cached analysis results; skipping health report
[stderr] 2026-07-23 22:27:28 INFO     [watchfiles.main:308] 1 change detected
[stderr] 2026-07-23 22:27:28 WARNING  [codeboarding_pro.analysis_controller:458] Skipping incremental update: full analysis artifacts not ready yet
[stderr] 2026-07-23 22:27:28 INFO     [codeboarding_pro.analysis_controller:279] No cached analysis results; skipping health report
[stderr] 2026-07-23 22:27:36 INFO     [watchfiles.main:308] 1 change detected
[stderr] 2026-07-23 22:27:36 WARNING  [codeboarding_pro.analysis_controller:458] Skipping incremental update: full analysis artifacts not ready yet
[stderr] 2026-07-23 22:27:36 INFO     [codeboarding_pro.analysis_controller:279] No cached analysis results; skipping health report
[stderr] 2026-07-23 22:27:49 INFO     [watchfiles.main:308] 1 change detected
[stderr] 2026-07-23 22:27:50 WARNING  [codeboarding_pro.analysis_controller:458] Skipping incremental update: full analysis artifacts not ready yet
[stderr] 2026-07-23 22:27:50 INFO     [codeboarding_pro.analysis_controller:279] No cached analysis results; skipping health report
[stderr] 2026-07-23 22:28:03 INFO     [watchfiles.main:308] 1 change detected
[stderr] 2026-07-23 22:28:03 WARNING  [codeboarding_pro.analysis_controller:458] Skipping incremental update: full analysis artifacts not ready yet
[stderr] 2026-07-23 22:28:03 INFO     [codeboarding_pro.analysis_controller:279] No cached analysis results; skipping health report
[stderr] 2026-07-23 22:28:31 INFO     [watchfiles.main:308] 1 change detected
[stderr] 2026-07-23 22:28:31 WARNING  [codeboarding_pro.analysis_controller:458] Skipping incremental update: full analysis artifacts not ready yet
[stderr] 2026-07-23 22:28:31 INFO     [codeboarding_pro.analysis_controller:279] No cached analysis results; skipping health report
[stderr] 2026-07-23 22:28:39 INFO     [watchfiles.main:308] 1 change detected
[stderr] 2026-07-23 22:28:40 WARNING  [codeboarding_pro.analysis_controller:458] Skipping incremental update: full analysis artifacts not ready yet
[stderr] 2026-07-23 22:28:40 INFO     [codeboarding_pro.analysis_controller:279] No cached analysis results; skipping health report
[stderr] 2026-07-23 22:28:56 INFO     [watchfiles.main:308] 1 change detected
[stderr] 2026-07-23 22:28:56 WARNING  [codeboarding_pro.analysis_controller:458] Skipping incremental update: full analysis artifacts not ready yet
[stderr] 2026-07-23 22:28:56 INFO     [codeboarding_pro.analysis_controller:279] No cached analysis results; skipping health report
[stderr] 2026-07-23 22:29:11 INFO     [watchfiles.main:308] 1 change detected
[stderr] 2026-07-23 22:29:12 WARNING  [codeboarding_pro.analysis_controller:458] Skipping incremental update: full analysis artifacts not ready yet
[stderr] 2026-07-23 22:29:12 INFO     [codeboarding_pro.analysis_controller:279] No cached analysis results; skipping health report
[stderr] 2026-07-23 22:29:29 INFO     [watchfiles.main:308] 1 change detected
[stderr] 2026-07-23 22:29:29 WARNING  [codeboarding_pro.analysis_controller:458] Skipping incremental update: full analysis artifacts not ready yet
[stderr] 2026-07-23 22:29:29 INFO     [codeboarding_pro.analysis_controller:279] No cached analysis results; skipping health report
[stderr] 2026-07-23 23:07:45 INFO     [watchfiles.main:308] 1 change detected
[stderr] 2026-07-23 23:07:46 WARNING  [codeboarding_pro.analysis_controller:458] Skipping incremental update: full analysis artifacts not ready yet
[stderr] 2026-07-23 23:07:46 INFO     [codeboarding_pro.analysis_controller:279] No cached analysis results; skipping health report
[stderr] 2026-07-23 23:08:28 INFO     [watchfiles.main:308] 1 change detected
[stderr] 2026-07-23 23:08:28 WARNING  [codeboarding_pro.analysis_controller:458] Skipping incremental update: full analysis artifacts not ready yet
[stderr] 2026-07-23 23:08:28 INFO     [codeboarding_pro.analysis_controller:279] No cached analysis results; skipping health report
[stderr] 2026-07-23 23:11:13 INFO     [watchfiles.main:308] 1 change detected
[stderr] 2026-07-23 23:11:14 WARNING  [codeboarding_pro.analysis_controller:458] Skipping incremental update: full analysis artifacts not ready yet
[stderr] 2026-07-23 23:11:14 INFO     [codeboarding_pro.analysis_controller:279] No cached analysis results; skipping health report
[stderr] 2026-07-23 23:11:38 INFO     [watchfiles.main:308] 1 change detected
[stderr] 2026-07-23 23:11:39 WARNING  [codeboarding_pro.analysis_controller:458] Skipping incremental update: full analysis artifacts not ready yet
[stderr] 2026-07-23 23:11:39 INFO     [codeboarding_pro.analysis_controller:279] No cached analysis results; skipping health report
[stderr] 2026-07-23 23:12:13 INFO     [watchfiles.main:308] 1 change detected
[stderr] 2026-07-23 23:12:14 WARNING  [codeboarding_pro.analysis_controller:458] Skipping incremental update: full analysis artifacts not ready yet
[stderr] 2026-07-23 23:12:14 INFO     [codeboarding_pro.analysis_controller:279] No cached analysis results; skipping health report
[stderr] 2026-07-23 23:13:56 INFO     [watchfiles.main:308] 1 change detected
[stderr] 2026-07-23 23:13:56 WARNING  [codeboarding_pro.analysis_controller:458] Skipping incremental update: full analysis artifacts not ready yet
[stderr] 2026-07-23 23:13:56 INFO     [codeboarding_pro.analysis_controller:279] No cached analysis results; skipping health report
[stderr] 2026-07-23 23:14:23 INFO     [watchfiles.main:308] 1 change detected
[stderr] 2026-07-23 23:14:23 WARNING  [codeboarding_pro.analysis_controller:458] Skipping incremental update: full analysis artifacts not ready yet
[stderr] 2026-07-23 23:14:23 INFO     [codeboarding_pro.analysis_controller:279] No cached analysis results; skipping health report
[stderr] 2026-07-24 00:03:32 INFO     [watchfiles.main:308] 1 change detected
[stderr] 2026-07-24 00:03:32 WARNING  [codeboarding_pro.analysis_controller:458] Skipping incremental update: full analysis artifacts not ready yet
[stderr] 2026-07-24 00:03:32 INFO     [codeboarding_pro.analysis_controller:279] No cached analysis results; skipping health report
[stderr] 2026-07-24 00:11:46 INFO     [watchfiles.main:308] 1 change detected
[stderr] 2026-07-24 00:11:46 WARNING  [codeboarding_pro.analysis_controller:458] Skipping incremental update: full analysis artifacts not ready yet
[stderr] 2026-07-24 00:11:46 INFO     [codeboarding_pro.analysis_controller:279] No cached analysis results; skipping health report
[stderr] 2026-07-24 00:13:09 INFO     [watchfiles.main:308] 1 change detected
[stderr] 2026-07-24 00:13:10 WARNING  [codeboarding_pro.analysis_controller:458] Skipping incremental update: full analysis artifacts not ready yet
[stderr] 2026-07-24 00:13:10 INFO     [codeboarding_pro.analysis_controller:279] No cached analysis results; skipping health report
[stderr] 2026-07-24 00:13:52 INFO     [watchfiles.main:308] 1 change detected
[stderr] 2026-07-24 00:13:52 WARNING  [codeboarding_pro.analysis_controller:458] Skipping incremental update: full analysis artifacts not ready yet
[stderr] 2026-07-24 00:13:52 INFO     [codeboarding_pro.analysis_controller:279] No cached analysis results; skipping health report
[stderr] 2026-07-24 00:14:45 INFO     [watchfiles.main:308] 1 change detected
[stderr] 2026-07-24 00:14:46 WARNING  [codeboarding_pro.analysis_controller:458] Skipping incremental update: full analysis artifacts not ready yet
[stderr] 2026-07-24 00:14:46 INFO     [codeboarding_pro.analysis_controller:279] No cached analysis results; skipping health report
[stderr] 2026-07-24 00:14:57 INFO     [watchfiles.main:308] 1 change detected
[stderr] 2026-07-24 00:14:57 WARNING  [codeboarding_pro.analysis_controller:458] Skipping incremental update: full analysis artifacts not ready yet
[stderr] 2026-07-24 00:14:57 INFO     [codeboarding_pro.analysis_controller:279] No cached analysis results; skipping health report
[stderr] 2026-07-24 00:16:39 INFO     [watchfiles.main:308] 1 change detected
[stderr] 2026-07-24 00:16:39 WARNING  [codeboarding_pro.analysis_controller:458] Skipping incremental update: full analysis artifacts not ready yet
[stderr] 2026-07-24 00:16:39 INFO     [codeboarding_pro.analysis_controller:279] No cached analysis results; skipping health report
[stderr] 2026-07-24 00:20:05 INFO     [watchfiles.main:308] 1 change detected
[stderr] 2026-07-24 00:20:05 WARNING  [codeboarding_pro.analysis_controller:458] Skipping incremental update: full analysis artifacts not ready yet
[stderr] 2026-07-24 00:20:05 INFO     [codeboarding_pro.analysis_controller:279] No cached analysis results; skipping health report
[stderr] 2026-07-24 00:47:17 INFO     [watchfiles.main:308] 1 change detected
[stderr] 2026-07-24 00:47:18 WARNING  [codeboarding_pro.analysis_controller:458] Skipping incremental update: full analysis artifacts not ready yet
[stderr] 2026-07-24 00:47:18 INFO     [codeboarding_pro.analysis_controller:279] No cached analysis results; skipping health report
[stderr] 2026-07-24 00:47:31 INFO     [watchfiles.main:308] 1 change detected
[stderr] 2026-07-24 00:47:32 WARNING  [codeboarding_pro.analysis_controller:458] Skipping incremental update: full analysis artifacts not ready yet
[stderr] 2026-07-24 00:47:32 INFO     [codeboarding_pro.analysis_controller:279] No cached analysis results; skipping health report
[stderr] 2026-07-24 00:47:44 INFO     [watchfiles.main:308] 1 change detected
[stderr] 2026-07-24 00:47:45 WARNING  [codeboarding_pro.analysis_controller:458] Skipping incremental update: full analysis artifacts not ready yet
[stderr] 2026-07-24 00:47:45 INFO     [codeboarding_pro.analysis_controller:279] No cached analysis results; skipping health report
[stderr] 2026-07-24 00:52:15 INFO     [watchfiles.main:308] 1 change detected
[stderr] 2026-07-24 00:52:16 WARNING  [codeboarding_pro.analysis_controller:458] Skipping incremental update: full analysis artifacts not ready yet
[stderr] 2026-07-24 00:52:16 INFO     [codeboarding_pro.analysis_controller:279] No cached analysis results; skipping health report
[stderr] 2026-07-24 00:58:30 INFO     [watchfiles.main:308] 1 change detected
[stderr] 2026-07-24 00:58:30 WARNING  [codeboarding_pro.analysis_controller:458] Skipping incremental update: full analysis artifacts not ready yet
[stderr] 2026-07-24 00:58:30 INFO     [codeboarding_pro.analysis_controller:279] No cached analysis results; skipping health report
[stderr] 2026-07-24 00:59:48 INFO     [watchfiles.main:308] 1 change detected
[stderr] 2026-07-24 00:59:49 WARNING  [codeboarding_pro.analysis_controller:458] Skipping incremental update: full analysis artifacts not ready yet
[stderr] 2026-07-24 00:59:49 INFO     [codeboarding_pro.analysis_controller:279] No cached analysis results; skipping health report
[stderr] 2026-07-24 01:00:10 INFO     [watchfiles.main:308] 1 change detected
[stderr] 2026-07-24 01:00:10 WARNING  [codeboarding_pro.analysis_controller:458] Skipping incremental update: full analysis artifacts not ready yet
[stderr] 2026-07-24 01:00:10 INFO     [codeboarding_pro.analysis_controller:279] No cached analysis results; skipping health report
[stderr] 2026-07-24 01:00:22 INFO     [watchfiles.main:308] 1 change detected
[stderr] 2026-07-24 01:00:23 WARNING  [codeboarding_pro.analysis_controller:458] Skipping incremental update: full analysis artifacts not ready yet
[stderr] 2026-07-24 01:00:23 INFO     [codeboarding_pro.analysis_controller:279] No cached analysis results; skipping health report
[stderr] 2026-07-24 01:00:42 INFO     [watchfiles.main:308] 1 change detected
[stderr] 2026-07-24 01:00:42 WARNING  [codeboarding_pro.analysis_controller:458] Skipping incremental update: full analysis artifacts not ready yet
[stderr] 2026-07-24 01:00:42 INFO     [codeboarding_pro.analysis_controller:279] No cached analysis results; skipping health report
[stderr] 2026-07-24 02:13:56 INFO     [watchfiles.main:308] 1 change detected
[stderr] 2026-07-24 02:13:57 WARNING  [codeboarding_pro.analysis_controller:458] Skipping incremental update: full analysis artifacts not ready yet
[stderr] 2026-07-24 02:13:57 INFO     [codeboarding_pro.analysis_controller:279] No cached analysis results; skipping health report
[stderr] 2026-07-24 02:19:22 INFO     [watchfiles.main:308] 1 change detected
[stderr] 2026-07-24 02:19:23 WARNING  [codeboarding_pro.analysis_controller:458] Skipping incremental update: full analysis artifacts not ready yet
[stderr] 2026-07-24 02:19:23 INFO     [codeboarding_pro.analysis_controller:279] No cached analysis results; skipping health report
[stderr] 2026-07-24 02:19:32 INFO     [watchfiles.main:308] 1 change detected
[stderr] 2026-07-24 02:19:32 WARNING  [codeboarding_pro.analysis_controller:458] Skipping incremental update: full analysis artifacts not ready yet
[stderr] 2026-07-24 02:19:32 INFO     [codeboarding_pro.analysis_controller:279] No cached analysis results; skipping health report
[stderr] 2026-07-24 02:22:04 INFO     [watchfiles.main:308] 1 change detected
[stderr] 2026-07-24 02:22:04 WARNING  [codeboarding_pro.analysis_controller:458] Skipping incremental update: full analysis artifacts not ready yet
[stderr] 2026-07-24 02:22:04 INFO     [codeboarding_pro.analysis_controller:279] No cached analysis results; skipping health report
[stderr] 2026-07-24 02:22:25 INFO     [watchfiles.main:308] 1 change detected
[stderr] 2026-07-24 02:22:26 WARNING  [codeboarding_pro.analysis_controller:458] Skipping incremental update: full analysis artifacts not ready yet
[stderr] 2026-07-24 02:22:26 INFO     [codeboarding_pro.analysis_controller:279] No cached analysis results; skipping health report
[stderr] 2026-07-24 02:26:18 INFO     [watchfiles.main:308] 1 change detected
[stderr] 2026-07-24 02:26:19 WARNING  [codeboarding_pro.analysis_controller:458] Skipping incremental update: full analysis artifacts not ready yet
[stderr] 2026-07-24 02:26:19 INFO     [codeboarding_pro.analysis_controller:279] No cached analysis results; skipping health report
[stderr] 2026-07-24 02:26:32 INFO     [watchfiles.main:308] 1 change detected
[stderr] 2026-07-24 02:26:32 WARNING  [codeboarding_pro.analysis_controller:458] Skipping incremental update: full analysis artifacts not ready yet
[stderr] 2026-07-24 02:26:32 INFO     [codeboarding_pro.analysis_controller:279] No cached analysis results; skipping health report
[stderr] 2026-07-24 02:27:04 INFO     [watchfiles.main:308] 1 change detected
[stderr] 2026-07-24 02:27:05 WARNING  [codeboarding_pro.analysis_controller:458] Skipping incremental update: full analysis artifacts not ready yet
[stderr] 2026-07-24 02:27:05 INFO     [codeboarding_pro.analysis_controller:279] No cached analysis results; skipping health report
[stderr] 2026-07-24 02:27:19 INFO     [watchfiles.main:308] 1 change detected
[stderr] 2026-07-24 02:27:19 WARNING  [codeboarding_pro.analysis_controller:458] Skipping incremental update: full analysis artifacts not ready yet
[stderr] 2026-07-24 02:27:19 INFO     [codeboarding_pro.analysis_controller:279] No cached analysis results; skipping health report
[stderr] 2026-07-24 02:27:27 INFO     [watchfiles.main:308] 1 change detected
[stderr] 2026-07-24 02:27:27 WARNING  [codeboarding_pro.analysis_controller:458] Skipping incremental update: full analysis artifacts not ready yet
[stderr] 2026-07-24 02:27:27 INFO     [codeboarding_pro.analysis_controller:279] No cached analysis results; skipping health report
[stderr] 2026-07-24 02:27:39 INFO     [watchfiles.main:308] 1 change detected
[stderr] 2026-07-24 02:27:39 WARNING  [codeboarding_pro.analysis_controller:458] Skipping incremental update: full analysis artifacts not ready yet
[stderr] 2026-07-24 02:27:39 INFO     [codeboarding_pro.analysis_controller:279] No cached analysis results; skipping health report
[stderr] 2026-07-24 02:27:51 INFO     [watchfiles.main:308] 1 change detected
[stderr] 2026-07-24 02:27:51 WARNING  [codeboarding_pro.analysis_controller:458] Skipping incremental update: full analysis artifacts not ready yet
[stderr] 2026-07-24 02:27:51 INFO     [codeboarding_pro.analysis_controller:279] No cached analysis results; skipping health report
[stderr] 2026-07-24 02:28:05 INFO     [watchfiles.main:308] 1 change detected
[stderr] 2026-07-24 02:28:06 WARNING  [codeboarding_pro.analysis_controller:458] Skipping incremental update: full analysis artifacts not ready yet
[stderr] 2026-07-24 02:28:06 INFO     [codeboarding_pro.analysis_controller:279] No cached analysis results; skipping health report
[stderr] 2026-07-24 02:59:45 INFO     [watchfiles.main:308] 1 change detected
[stderr] 2026-07-24 02:59:45 WARNING  [codeboarding_pro.analysis_controller:458] Skipping incremental update: full analysis artifacts not ready yet
[stderr] 2026-07-24 02:59:45 INFO     [codeboarding_pro.analysis_controller:279] No cached analysis results; skipping health report
[stderr] 2026-07-24 02:59:54 INFO     [watchfiles.main:308] 1 change detected
[stderr] 2026-07-24 02:59:54 WARNING  [codeboarding_pro.analysis_controller:458] Skipping incremental update: full analysis artifacts not ready yet
[stderr] 2026-07-24 02:59:54 INFO     [codeboarding_pro.analysis_controller:279] No cached analysis results; skipping health report
[stderr] 2026-07-24 03:00:21 INFO     [watchfiles.main:308] 1 change detected
[stderr] 2026-07-24 03:00:21 WARNING  [codeboarding_pro.analysis_controller:458] Skipping incremental update: full analysis artifacts not ready yet
[stderr] 2026-07-24 03:00:21 INFO     [codeboarding_pro.analysis_controller:279] No cached analysis results; skipping health report
[stderr] 2026-07-24 03:00:27 INFO     [watchfiles.main:308] 1 change detected
[stderr] 2026-07-24 03:00:27 WARNING  [codeboarding_pro.analysis_controller:458] Skipping incremental update: full analysis artifacts not ready yet
[stderr] 2026-07-24 03:00:27 INFO     [codeboarding_pro.analysis_controller:279] No cached analysis results; skipping health report
[stderr] 2026-07-24 03:02:29 INFO     [watchfiles.main:308] 1 change detected
[stderr] 2026-07-24 03:02:30 WARNING  [codeboarding_pro.analysis_controller:458] Skipping incremental update: full analysis artifacts not ready yet
[stderr] 2026-07-24 03:02:30 INFO     [codeboarding_pro.analysis_controller:279] No cached analysis results; skipping health report
[stderr] 2026-07-24 03:02:37 INFO     [watchfiles.main:308] 1 change detected
[stderr] 2026-07-24 03:02:37 WARNING  [codeboarding_pro.analysis_controller:458] Skipping incremental update: full analysis artifacts not ready yet
[stderr] 2026-07-24 03:02:37 INFO     [codeboarding_pro.analysis_controller:279] No cached analysis results; skipping health report
[stderr] 2026-07-24 03:02:51 INFO     [watchfiles.main:308] 1 change detected
[stderr] 2026-07-24 03:02:52 WARNING  [codeboarding_pro.analysis_controller:458] Skipping incremental update: full analysis artifacts not ready yet
[stderr] 2026-07-24 03:02:52 INFO     [codeboarding_pro.analysis_controller:279] No cached analysis results; skipping health report
[stderr] 2026-07-24 03:03:08 INFO     [watchfiles.main:308] 1 change detected
[stderr] 2026-07-24 03:03:08 WARNING  [codeboarding_pro.analysis_controller:458] Skipping incremental update: full analysis artifacts not ready yet
[stderr] 2026-07-24 03:03:08 INFO     [codeboarding_pro.analysis_controller:279] No cached analysis results; skipping health report
[stderr] 2026-07-24 03:03:27 INFO     [watchfiles.main:308] 1 change detected
[stderr] 2026-07-24 03:03:27 WARNING  [codeboarding_pro.analysis_controller:458] Skipping incremental update: full analysis artifacts not ready yet
[stderr] 2026-07-24 03:03:27 INFO     [codeboarding_pro.analysis_controller:279] No cached analysis results; skipping health report
[stderr] 2026-07-24 03:03:45 INFO     [watchfiles.main:308] 1 change detected
[stderr] 2026-07-24 03:03:45 WARNING  [codeboarding_pro.analysis_controller:458] Skipping incremental update: full analysis artifacts not ready yet
[stderr] 2026-07-24 03:03:45 INFO     [codeboarding_pro.analysis_controller:279] No cached analysis results; skipping health report
[stderr] 2026-07-24 03:04:02 INFO     [watchfiles.main:308] 1 change detected
[stderr] 2026-07-24 03:04:02 WARNING  [codeboarding_pro.analysis_controller:458] Skipping incremental update: full analysis artifacts not ready yet
[stderr] 2026-07-24 03:04:02 INFO     [codeboarding_pro.analysis_controller:279] No cached analysis results; skipping health report
[stderr] 2026-07-24 03:04:12 INFO     [watchfiles.main:308] 1 change detected
[stderr] 2026-07-24 03:04:12 WARNING  [codeboarding_pro.analysis_controller:458] Skipping incremental update: full analysis artifacts not ready yet
[stderr] 2026-07-24 03:04:12 INFO     [codeboarding_pro.analysis_controller:279] No cached analysis results; skipping health report
[stderr] 2026-07-24 03:04:22 INFO     [watchfiles.main:308] 1 change detected
[stderr] 2026-07-24 03:04:23 WARNING  [codeboarding_pro.analysis_controller:458] Skipping incremental update: full analysis artifacts not ready yet
[stderr] 2026-07-24 03:04:23 INFO     [codeboarding_pro.analysis_controller:279] No cached analysis results; skipping health report
[stderr] 2026-07-24 03:04:34 INFO     [watchfiles.main:308] 1 change detected
[stderr] 2026-07-24 03:04:34 WARNING  [codeboarding_pro.analysis_controller:458] Skipping incremental update: full analysis artifacts not ready yet
[stderr] 2026-07-24 03:04:34 INFO     [codeboarding_pro.analysis_controller:279] No cached analysis results; skipping health report
[stderr] 2026-07-24 03:04:52 INFO     [watchfiles.main:308] 1 change detected
[stderr] 2026-07-24 03:04:52 WARNING  [codeboarding_pro.analysis_controller:458] Skipping incremental update: full analysis artifacts not ready yet
[stderr] 2026-07-24 03:04:52 INFO     [codeboarding_pro.analysis_controller:279] No cached analysis results; skipping health report
[stderr] 2026-07-24 03:05:47 INFO     [watchfiles.main:308] 1 change detected
[stderr] 2026-07-24 03:05:48 WARNING  [codeboarding_pro.analysis_controller:458] Skipping incremental update: full analysis artifacts not ready yet
[stderr] 2026-07-24 03:05:48 INFO     [codeboarding_pro.analysis_controller:279] No cached analysis results; skipping health report
[stderr] 2026-07-24 03:06:06 INFO     [watchfiles.main:308] 1 change detected
[stderr] 2026-07-24 03:06:06 WARNING  [codeboarding_pro.analysis_controller:458] Skipping incremental update: full analysis artifacts not ready yet
[stderr] 2026-07-24 03:06:06 INFO     [codeboarding_pro.analysis_controller:279] No cached analysis results; skipping health report
[stderr] 2026-07-24 03:06:07 INFO     [watchfiles.main:308] 1 change detected
[stderr] 2026-07-24 03:06:07 WARNING  [codeboarding_pro.analysis_controller:458] Skipping incremental update: full analysis artifacts not ready yet
[stderr] 2026-07-24 03:06:07 INFO     [codeboarding_pro.analysis_controller:279] No cached analysis results; skipping health report
[stderr] 2026-07-24 03:06:20 INFO     [watchfiles.main:308] 1 change detected
[stderr] 2026-07-24 03:06:20 WARNING  [codeboarding_pro.analysis_controller:458] Skipping incremental update: full analysis artifacts not ready yet
[stderr] 2026-07-24 03:06:20 INFO     [codeboarding_pro.analysis_controller:279] No cached analysis results; skipping health report
[stderr] 2026-07-24 03:06:32 INFO     [watchfiles.main:308] 1 change detected
[stderr] 2026-07-24 03:06:32 WARNING  [codeboarding_pro.analysis_controller:458] Skipping incremental update: full analysis artifacts not ready yet
[stderr] 2026-07-24 03:06:32 INFO     [codeboarding_pro.analysis_controller:279] No cached analysis results; skipping health report
[stderr] 2026-07-24 03:08:41 INFO     [watchfiles.main:308] 1 change detected
[stderr] 2026-07-24 03:08:41 WARNING  [codeboarding_pro.analysis_controller:458] Skipping incremental update: full analysis artifacts not ready yet
[stderr] 2026-07-24 03:08:41 INFO     [codeboarding_pro.analysis_controller:279] No cached analysis results; skipping health report
[stderr] 2026-07-24 03:10:50 INFO     [watchfiles.main:308] 1 change detected
[stderr] 2026-07-24 03:10:50 WARNING  [codeboarding_pro.analysis_controller:458] Skipping incremental update: full analysis artifacts not ready yet
[stderr] 2026-07-24 03:10:50 INFO     [codeboarding_pro.analysis_controller:279] No cached analysis results; skipping health report
[stderr] 2026-07-24 03:11:12 INFO     [watchfiles.main:308] 1 change detected
[stderr] 2026-07-24 03:11:12 WARNING  [codeboarding_pro.analysis_controller:458] Skipping incremental update: full analysis artifacts not ready yet
[stderr] 2026-07-24 03:11:12 INFO     [codeboarding_pro.analysis_controller:279] No cached analysis results; skipping health report
[stderr] 2026-07-24 03:11:34 INFO     [watchfiles.main:308] 1 change detected
[stderr] 2026-07-24 03:11:35 WARNING  [codeboarding_pro.analysis_controller:458] Skipping incremental update: full analysis artifacts not ready yet
[stderr] 2026-07-24 03:11:35 INFO     [codeboarding_pro.analysis_controller:279] No cached analysis results; skipping health report
[stderr] 2026-07-24 03:11:42 INFO     [watchfiles.main:308] 1 change detected
[stderr] 2026-07-24 03:11:42 WARNING  [codeboarding_pro.analysis_controller:458] Skipping incremental update: full analysis artifacts not ready yet
[stderr] 2026-07-24 03:11:42 INFO     [codeboarding_pro.analysis_controller:279] No cached analysis results; skipping health report
[stderr] 2026-07-24 03:11:59 INFO     [watchfiles.main:308] 1 change detected
[stderr] 2026-07-24 03:11:59 WARNING  [codeboarding_pro.analysis_controller:458] Skipping incremental update: full analysis artifacts not ready yet
[stderr] 2026-07-24 03:11:59 INFO     [codeboarding_pro.analysis_controller:279] No cached analysis results; skipping health report
[stderr] 2026-07-24 03:12:10 INFO     [watchfiles.main:308] 1 change detected
[stderr] 2026-07-24 03:12:11 WARNING  [codeboarding_pro.analysis_controller:458] Skipping incremental update: full analysis artifacts not ready yet
[stderr] 2026-07-24 03:12:11 INFO     [codeboarding_pro.analysis_controller:279] No cached analysis results; skipping health report
[stderr] 2026-07-24 03:12:25 INFO     [watchfiles.main:308] 1 change detected
[stderr] 2026-07-24 03:12:26 WARNING  [codeboarding_pro.analysis_controller:458] Skipping incremental update: full analysis artifacts not ready yet
[stderr] 2026-07-24 03:12:26 INFO     [codeboarding_pro.analysis_controller:279] No cached analysis results; skipping health report
[stderr] 2026-07-24 03:12:31 INFO     [watchfiles.main:308] 4 changes detected
[stderr] 2026-07-24 03:12:32 WARNING  [codeboarding_pro.analysis_controller:458] Skipping incremental update: full analysis artifacts not ready yet
[stderr] 2026-07-24 03:12:32 INFO     [codeboarding_pro.analysis_controller:279] No cached analysis results; skipping health report
[stderr] 2026-07-24 03:13:07 INFO     [watchfiles.main:308] 1 change detected
[stderr] 2026-07-24 03:13:07 WARNING  [codeboarding_pro.analysis_controller:458] Skipping incremental update: full analysis artifacts not ready yet
[stderr] 2026-07-24 03:13:07 INFO     [codeboarding_pro.analysis_controller:279] No cached analysis results; skipping health report
[stderr] 2026-07-24 03:24:28 INFO     [watchfiles.main:308] 1 change detected
[stderr] 2026-07-24 03:24:28 WARNING  [codeboarding_pro.analysis_controller:458] Skipping incremental update: full analysis artifacts not ready yet
[stderr] 2026-07-24 03:24:28 INFO     [codeboarding_pro.analysis_controller:279] No cached analysis results; skipping health report
[stderr] 2026-07-24 03:25:24 INFO     [watchfiles.main:308] 1 change detected
[stderr] 2026-07-24 03:25:25 WARNING  [codeboarding_pro.analysis_controller:458] Skipping incremental update: full analysis artifacts not ready yet
[stderr] 2026-07-24 03:25:25 INFO     [codeboarding_pro.analysis_controller:279] No cached analysis results; skipping health report
[stderr] 2026-07-24 03:48:55 INFO     [watchfiles.main:308] 1 change detected
[stderr] 2026-07-24 03:48:55 WARNING  [codeboarding_pro.analysis_controller:458] Skipping incremental update: full analysis artifacts not ready yet
[stderr] 2026-07-24 03:48:55 INFO     [codeboarding_pro.analysis_controller:279] No cached analysis results; skipping health report
[stderr] 2026-07-24 03:49:21 INFO     [watchfiles.main:308] 1 change detected
[stderr] 2026-07-24 03:49:21 WARNING  [codeboarding_pro.analysis_controller:458] Skipping incremental update: full analysis artifacts not ready yet
[stderr] 2026-07-24 03:49:21 INFO     [codeboarding_pro.analysis_controller:279] No cached analysis results; skipping health report
[stderr] 2026-07-24 03:49:39 INFO     [watchfiles.main:308] 1 change detected
[stderr] 2026-07-24 03:49:40 WARNING  [codeboarding_pro.analysis_controller:458] Skipping incremental update: full analysis artifacts not ready yet
[stderr] 2026-07-24 03:49:40 INFO     [codeboarding_pro.analysis_controller:279] No cached analysis results; skipping health report
[stderr] 2026-07-24 03:50:21 INFO     [watchfiles.main:308] 1 change detected
[stderr] 2026-07-24 03:50:21 WARNING  [codeboarding_pro.analysis_controller:458] Skipping incremental update: full analysis artifacts not ready yet
[stderr] 2026-07-24 03:50:21 INFO     [codeboarding_pro.analysis_controller:279] No cached analysis results; skipping health report
[stderr] 2026-07-24 03:50:28 INFO     [watchfiles.main:308] 1 change detected
[stderr] 2026-07-24 03:50:29 WARNING  [codeboarding_pro.analysis_controller:458] Skipping incremental update: full analysis artifacts not ready yet
[stderr] 2026-07-24 03:50:29 INFO     [codeboarding_pro.analysis_controller:279] No cached analysis results; skipping health report
[stderr] 2026-07-24 03:50:38 INFO     [watchfiles.main:308] 1 change detected
[stderr] 2026-07-24 03:50:39 WARNING  [codeboarding_pro.analysis_controller:458] Skipping incremental update: full analysis artifacts not ready yet
[stderr] 2026-07-24 03:50:39 INFO     [codeboarding_pro.analysis_controller:279] No cached analysis results; skipping health report
[stderr] 2026-07-24 03:51:00 INFO     [watchfiles.main:308] 1 change detected
[stderr] 2026-07-24 03:51:01 WARNING  [codeboarding_pro.analysis_controller:458] Skipping incremental update: full analysis artifacts not ready yet
[stderr] 2026-07-24 03:51:01 INFO     [codeboarding_pro.analysis_controller:279] No cached analysis results; skipping health report
[stderr] 2026-07-24 03:51:08 INFO     [watchfiles.main:308] 1 change detected
[stderr] 2026-07-24 03:51:08 WARNING  [codeboarding_pro.analysis_controller:458] Skipping incremental update: full analysis artifacts not ready yet
[stderr] 2026-07-24 03:51:08 INFO     [codeboarding_pro.analysis_controller:279] No cached analysis results; skipping health report
[stderr] 2026-07-24 03:51:38 INFO     [watchfiles.main:308] 1 change detected
[stderr] 2026-07-24 03:51:39 WARNING  [codeboarding_pro.analysis_controller:458] Skipping incremental update: full analysis artifacts not ready yet
[stderr] 2026-07-24 03:51:39 INFO     [codeboarding_pro.analysis_controller:279] No cached analysis results; skipping health report
[stderr] 2026-07-24 03:51:53 INFO     [watchfiles.main:308] 1 change detected
[stderr] 2026-07-24 03:51:53 WARNING  [codeboarding_pro.analysis_controller:458] Skipping incremental update: full analysis artifacts not ready yet
[stderr] 2026-07-24 03:51:53 INFO     [codeboarding_pro.analysis_controller:279] No cached analysis results; skipping health report
[stderr] 2026-07-24 03:52:37 INFO     [watchfiles.main:308] 1 change detected
[stderr] 2026-07-24 03:52:38 WARNING  [codeboarding_pro.analysis_controller:458] Skipping incremental update: full analysis artifacts not ready yet
[stderr] 2026-07-24 03:52:38 INFO     [codeboarding_pro.analysis_controller:279] No cached analysis results; skipping health report
[stderr] 2026-07-24 03:52:45 INFO     [watchfiles.main:308] 1 change detected
[stderr] 2026-07-24 03:52:46 WARNING  [codeboarding_pro.analysis_controller:458] Skipping incremental update: full analysis artifacts not ready yet
[stderr] 2026-07-24 03:52:46 INFO     [codeboarding_pro.analysis_controller:279] No cached analysis results; skipping health report
[stderr] 2026-07-24 03:53:10 INFO     [watchfiles.main:308] 1 change detected
[stderr] 2026-07-24 03:53:11 WARNING  [codeboarding_pro.analysis_controller:458] Skipping incremental update: full analysis artifacts not ready yet
[stderr] 2026-07-24 03:53:11 INFO     [codeboarding_pro.analysis_controller:279] No cached analysis results; skipping health report
[stderr] 2026-07-24 03:53:24 INFO     [watchfiles.main:308] 1 change detected
[stderr] 2026-07-24 03:53:25 WARNING  [codeboarding_pro.analysis_controller:458] Skipping incremental update: full analysis artifacts not ready yet
[stderr] 2026-07-24 03:53:25 INFO     [codeboarding_pro.analysis_controller:279] No cached analysis results; skipping health report
[stderr] 2026-07-24 03:53:51 INFO     [watchfiles.main:308] 1 change detected
[stderr] 2026-07-24 03:53:52 WARNING  [codeboarding_pro.analysis_controller:458] Skipping incremental update: full analysis artifacts not ready yet
[stderr] 2026-07-24 03:53:52 INFO     [codeboarding_pro.analysis_controller:279] No cached analysis results; skipping health report
[stderr] 2026-07-24 03:54:00 INFO     [watchfiles.main:308] 1 change detected
[stderr] 2026-07-24 03:54:01 WARNING  [codeboarding_pro.analysis_controller:458] Skipping incremental update: full analysis artifacts not ready yet
[stderr] 2026-07-24 03:54:01 INFO     [codeboarding_pro.analysis_controller:279] No cached analysis results; skipping health report
[stderr] 2026-07-24 03:54:07 INFO     [watchfiles.main:308] 1 change detected
[stderr] 2026-07-24 03:54:08 WARNING  [codeboarding_pro.analysis_controller:458] Skipping incremental update: full analysis artifacts not ready yet
[stderr] 2026-07-24 03:54:08 INFO     [codeboarding_pro.analysis_controller:279] No cached analysis results; skipping health report
[stderr] 2026-07-24 03:54:20 INFO     [watchfiles.main:308] 1 change detected
[stderr] 2026-07-24 03:54:21 WARNING  [codeboarding_pro.analysis_controller:458] Skipping incremental update: full analysis artifacts not ready yet
[stderr] 2026-07-24 03:54:21 INFO     [codeboarding_pro.analysis_controller:279] No cached analysis results; skipping health report
[stderr] 2026-07-24 03:55:39 INFO     [watchfiles.main:308] 1 change detected
[stderr] 2026-07-24 03:55:39 WARNING  [codeboarding_pro.analysis_controller:458] Skipping incremental update: full analysis artifacts not ready yet
[stderr] 2026-07-24 03:55:39 INFO     [codeboarding_pro.analysis_controller:279] No cached analysis results; skipping health report
[stderr] 2026-07-24 03:55:49 INFO     [watchfiles.main:308] 1 change detected
[stderr] 2026-07-24 03:55:50 WARNING  [codeboarding_pro.analysis_controller:458] Skipping incremental update: full analysis artifacts not ready yet
[stderr] 2026-07-24 03:55:50 INFO     [codeboarding_pro.analysis_controller:279] No cached analysis results; skipping health report
[stderr] 2026-07-24 03:55:59 INFO     [watchfiles.main:308] 1 change detected
[stderr] 2026-07-24 03:56:00 WARNING  [codeboarding_pro.analysis_controller:458] Skipping incremental update: full analysis artifacts not ready yet
[stderr] 2026-07-24 03:56:00 INFO     [codeboarding_pro.analysis_controller:279] No cached analysis results; skipping health report
[stderr] 2026-07-24 04:16:15 INFO     [watchfiles.main:308] 1 change detected
[stderr] 2026-07-24 04:16:15 WARNING  [codeboarding_pro.analysis_controller:458] Skipping incremental update: full analysis artifacts not ready yet
[stderr] 2026-07-24 04:16:15 INFO     [codeboarding_pro.analysis_controller:279] No cached analysis results; skipping health report
[stderr] 2026-07-24 04:16:24 INFO     [watchfiles.main:308] 1 change detected
[stderr] 2026-07-24 04:16:25 WARNING  [codeboarding_pro.analysis_controller:458] Skipping incremental update: full analysis artifacts not ready yet
[stderr] 2026-07-24 04:16:25 INFO     [codeboarding_pro.analysis_controller:279] No cached analysis results; skipping health report
[stderr] 2026-07-24 04:16:37 INFO     [watchfiles.main:308] 1 change detected
[stderr] 2026-07-24 04:16:38 WARNING  [codeboarding_pro.analysis_controller:458] Skipping incremental update: full analysis artifacts not ready yet
[stderr] 2026-07-24 04:16:38 INFO     [codeboarding_pro.analysis_controller:279] No cached analysis results; skipping health report
[stderr] 2026-07-24 04:16:45 INFO     [watchfiles.main:308] 1 change detected
[stderr] 2026-07-24 04:16:46 WARNING  [codeboarding_pro.analysis_controller:458] Skipping incremental update: full analysis artifacts not ready yet
[stderr] 2026-07-24 04:16:46 INFO     [codeboarding_pro.analysis_controller:279] No cached analysis results; skipping health report
[stderr] 2026-07-24 04:16:54 INFO     [watchfiles.main:308] 1 change detected
[stderr] 2026-07-24 04:16:55 WARNING  [codeboarding_pro.analysis_controller:458] Skipping incremental update: full analysis artifacts not ready yet
[stderr] 2026-07-24 04:16:55 INFO     [codeboarding_pro.analysis_controller:279] No cached analysis results; skipping health report
[stderr] 2026-07-24 04:17:02 INFO     [watchfiles.main:308] 1 change detected
[stderr] 2026-07-24 04:17:02 WARNING  [codeboarding_pro.analysis_controller:458] Skipping incremental update: full analysis artifacts not ready yet
[stderr] 2026-07-24 04:17:02 INFO     [codeboarding_pro.analysis_controller:279] No cached analysis results; skipping health report
[stderr] 2026-07-24 04:17:10 INFO     [watchfiles.main:308] 1 change detected
[stderr] 2026-07-24 04:17:10 WARNING  [codeboarding_pro.analysis_controller:458] Skipping incremental update: full analysis artifacts not ready yet
[stderr] 2026-07-24 04:17:10 INFO     [codeboarding_pro.analysis_controller:279] No cached analysis results; skipping health report
[stderr] 2026-07-24 04:17:18 INFO     [watchfiles.main:308] 1 change detected
[stderr] 2026-07-24 04:17:18 WARNING  [codeboarding_pro.analysis_controller:458] Skipping incremental update: full analysis artifacts not ready yet
[stderr] 2026-07-24 04:17:18 INFO     [codeboarding_pro.analysis_controller:279] No cached analysis results; skipping health report
[stderr] 2026-07-24 04:17:32 INFO     [watchfiles.main:308] 1 change detected
[stderr] 2026-07-24 04:17:33 WARNING  [codeboarding_pro.analysis_controller:458] Skipping incremental update: full analysis artifacts not ready yet
[stderr] 2026-07-24 04:17:33 INFO     [codeboarding_pro.analysis_controller:279] No cached analysis results; skipping health report
[stderr] 2026-07-24 04:17:49 INFO     [watchfiles.main:308] 1 change detected
[stderr] 2026-07-24 04:17:50 WARNING  [codeboarding_pro.analysis_controller:458] Skipping incremental update: full analysis artifacts not ready yet
[stderr] 2026-07-24 04:17:50 INFO     [codeboarding_pro.analysis_controller:279] No cached analysis results; skipping health report
[stderr] 2026-07-24 04:18:03 INFO     [watchfiles.main:308] 1 change detected
[stderr] 2026-07-24 04:18:04 WARNING  [codeboarding_pro.analysis_controller:458] Skipping incremental update: full analysis artifacts not ready yet
[stderr] 2026-07-24 04:18:04 INFO     [codeboarding_pro.analysis_controller:279] No cached analysis results; skipping health report
[stderr] 2026-07-24 04:18:11 INFO     [watchfiles.main:308] 1 change detected
[stderr] 2026-07-24 04:18:11 WARNING  [codeboarding_pro.analysis_controller:458] Skipping incremental update: full analysis artifacts not ready yet
[stderr] 2026-07-24 04:18:11 INFO     [codeboarding_pro.analysis_controller:279] No cached analysis results; skipping health report
[stderr] 2026-07-24 04:18:20 INFO     [watchfiles.main:308] 1 change detected
[stderr] 2026-07-24 04:18:20 WARNING  [codeboarding_pro.analysis_controller:458] Skipping incremental update: full analysis artifacts not ready yet
[stderr] 2026-07-24 04:18:20 INFO     [codeboarding_pro.analysis_controller:279] No cached analysis results; skipping health report
[stderr] 2026-07-24 04:18:34 INFO     [watchfiles.main:308] 1 change detected
[stderr] 2026-07-24 04:18:34 WARNING  [codeboarding_pro.analysis_controller:458] Skipping incremental update: full analysis artifacts not ready yet
[stderr] 2026-07-24 04:18:34 INFO     [codeboarding_pro.analysis_controller:279] No cached analysis results; skipping health report
[stderr] 2026-07-24 04:18:45 INFO     [watchfiles.main:308] 1 change detected
[stderr] 2026-07-24 04:18:46 WARNING  [codeboarding_pro.analysis_controller:458] Skipping incremental update: full analysis artifacts not ready yet
[stderr] 2026-07-24 04:18:46 INFO     [codeboarding_pro.analysis_controller:279] No cached analysis results; skipping health report
[stderr] 2026-07-24 04:18:54 INFO     [watchfiles.main:308] 1 change detected
[stderr] 2026-07-24 04:18:54 WARNING  [codeboarding_pro.analysis_controller:458] Skipping incremental update: full analysis artifacts not ready yet
[stderr] 2026-07-24 04:18:54 INFO     [codeboarding_pro.analysis_controller:279] No cached analysis results; skipping health report
[stderr] 2026-07-24 04:19:01 INFO     [watchfiles.main:308] 1 change detected
[stderr] 2026-07-24 04:19:02 WARNING  [codeboarding_pro.analysis_controller:458] Skipping incremental update: full analysis artifacts not ready yet
[stderr] 2026-07-24 04:19:02 INFO     [codeboarding_pro.analysis_controller:279] No cached analysis results; skipping health report
[stderr] 2026-07-24 04:19:09 INFO     [watchfiles.main:308] 1 change detected
[stderr] 2026-07-24 04:19:10 WARNING  [codeboarding_pro.analysis_controller:458] Skipping incremental update: full analysis artifacts not ready yet
[stderr] 2026-07-24 04:19:10 INFO     [codeboarding_pro.analysis_controller:279] No cached analysis results; skipping health report
[stderr] 2026-07-24 04:19:21 INFO     [watchfiles.main:308] 1 change detected
[stderr] 2026-07-24 04:19:21 WARNING  [codeboarding_pro.analysis_controller:458] Skipping incremental update: full analysis artifacts not ready yet
[stderr] 2026-07-24 04:19:21 INFO     [codeboarding_pro.analysis_controller:279] No cached analysis results; skipping health report
[stderr] 2026-07-24 04:19:31 INFO     [watchfiles.main:308] 1 change detected
[stderr] 2026-07-24 04:19:31 WARNING  [codeboarding_pro.analysis_controller:458] Skipping incremental update: full analysis artifacts not ready yet
[stderr] 2026-07-24 04:19:31 INFO     [codeboarding_pro.analysis_controller:279] No cached analysis results; skipping health report
[stderr] 2026-07-24 04:19:40 INFO     [watchfiles.main:308] 1 change detected
[stderr] 2026-07-24 04:19:41 WARNING  [codeboarding_pro.analysis_controller:458] Skipping incremental update: full analysis artifacts not ready yet
[stderr] 2026-07-24 04:19:41 INFO     [codeboarding_pro.analysis_controller:279] No cached analysis results; skipping health report
[stderr] 2026-07-24 04:28:20 INFO     [watchfiles.main:308] 1 change detected
[stderr] 2026-07-24 04:28:21 WARNING  [codeboarding_pro.analysis_controller:458] Skipping incremental update: full analysis artifacts not ready yet
[stderr] 2026-07-24 04:28:21 INFO     [codeboarding_pro.analysis_controller:279] No cached analysis results; skipping health report
[stderr] 2026-07-24 04:45:34 INFO     [watchfiles.main:308] 1 change detected
[stderr] 2026-07-24 04:45:34 WARNING  [codeboarding_pro.analysis_controller:458] Skipping incremental update: full analysis artifacts not ready yet
[stderr] 2026-07-24 04:45:34 INFO     [codeboarding_pro.analysis_controller:279] No cached analysis results; skipping health report
[stderr] 2026-07-24 05:04:46 INFO     [watchfiles.main:308] 1 change detected
[stderr] 2026-07-24 05:04:47 WARNING  [codeboarding_pro.analysis_controller:458] Skipping incremental update: full analysis artifacts not ready yet
[stderr] 2026-07-24 05:04:47 INFO     [codeboarding_pro.analysis_controller:279] No cached analysis results; skipping health report
[stderr] 2026-07-24 05:05:42 INFO     [watchfiles.main:308] 1 change detected
[stderr] 2026-07-24 05:05:42 WARNING  [codeboarding_pro.analysis_controller:458] Skipping incremental update: full analysis artifacts not ready yet
[stderr] 2026-07-24 05:05:42 INFO     [codeboarding_pro.analysis_controller:279] No cached analysis results; skipping health report
[stderr] 2026-07-24 05:05:59 INFO     [watchfiles.main:308] 1 change detected
[stderr] 2026-07-24 05:05:59 WARNING  [codeboarding_pro.analysis_controller:458] Skipping incremental update: full analysis artifacts not ready yet
[stderr] 2026-07-24 05:05:59 INFO     [codeboarding_pro.analysis_controller:279] No cached analysis results; skipping health report
[stderr] 2026-07-24 05:06:06 INFO     [watchfiles.main:308] 1 change detected
[stderr] 2026-07-24 05:06:06 WARNING  [codeboarding_pro.analysis_controller:458] Skipping incremental update: full analysis artifacts not ready yet
[stderr] 2026-07-24 05:06:06 INFO     [codeboarding_pro.analysis_controller:279] No cached analysis results; skipping health report
[stderr] 2026-07-24 05:06:17 INFO     [watchfiles.main:308] 1 change detected
[stderr] 2026-07-24 05:06:18 WARNING  [codeboarding_pro.analysis_controller:458] Skipping incremental update: full analysis artifacts not ready yet
[stderr] 2026-07-24 05:06:18 INFO     [codeboarding_pro.analysis_controller:279] No cached analysis results; skipping health report
[stderr] 2026-07-24 05:06:28 INFO     [watchfiles.main:308] 1 change detected
[stderr] 2026-07-24 05:06:28 WARNING  [codeboarding_pro.analysis_controller:458] Skipping incremental update: full analysis artifacts not ready yet
[stderr] 2026-07-24 05:06:28 INFO     [codeboarding_pro.analysis_controller:279] No cached analysis results; skipping health report
[stderr] 2026-07-24 05:06:54 INFO     [watchfiles.main:308] 1 change detected
[stderr] 2026-07-24 05:06:55 WARNING  [codeboarding_pro.analysis_controller:458] Skipping incremental update: full analysis artifacts not ready yet
[stderr] 2026-07-24 05:06:55 INFO     [codeboarding_pro.analysis_controller:279] No cached analysis results; skipping health report
[stderr] 2026-07-24 05:07:09 INFO     [watchfiles.main:308] 1 change detected
[stderr] 2026-07-24 05:07:10 WARNING  [codeboarding_pro.analysis_controller:458] Skipping incremental update: full analysis artifacts not ready yet
[stderr] 2026-07-24 05:07:10 INFO     [codeboarding_pro.analysis_controller:279] No cached analysis results; skipping health report
[stderr] 2026-07-24 05:07:19 INFO     [watchfiles.main:308] 1 change detected
[stderr] 2026-07-24 05:07:19 WARNING  [codeboarding_pro.analysis_controller:458] Skipping incremental update: full analysis artifacts not ready yet
[stderr] 2026-07-24 05:07:19 INFO     [codeboarding_pro.analysis_controller:279] No cached analysis results; skipping health report
[stderr] 2026-07-24 05:07:51 INFO     [watchfiles.main:308] 1 change detected
[stderr] 2026-07-24 05:07:52 WARNING  [codeboarding_pro.analysis_controller:458] Skipping incremental update: full analysis artifacts not ready yet
[stderr] 2026-07-24 05:07:52 INFO     [codeboarding_pro.analysis_controller:279] No cached analysis results; skipping health report
[stderr] 2026-07-24 05:07:57 INFO     [watchfiles.main:308] 1 change detected
[stderr] 2026-07-24 05:07:58 WARNING  [codeboarding_pro.analysis_controller:458] Skipping incremental update: full analysis artifacts not ready yet
[stderr] 2026-07-24 05:07:58 INFO     [codeboarding_pro.analysis_controller:279] No cached analysis results; skipping health report
[stderr] 2026-07-24 05:08:05 INFO     [watchfiles.main:308] 1 change detected
[stderr] 2026-07-24 05:08:05 WARNING  [codeboarding_pro.analysis_controller:458] Skipping incremental update: full analysis artifacts not ready yet
[stderr] 2026-07-24 05:08:05 INFO     [codeboarding_pro.analysis_controller:279] No cached analysis results; skipping health report
[stderr] 2026-07-24 05:09:46 INFO     [watchfiles.main:308] 1 change detected
[stderr] 2026-07-24 05:09:46 WARNING  [codeboarding_pro.analysis_controller:458] Skipping incremental update: full analysis artifacts not ready yet
[stderr] 2026-07-24 05:09:46 INFO     [codeboarding_pro.analysis_controller:279] No cached analysis results; skipping health report
[stderr] 2026-07-24 05:12:55 INFO     [watchfiles.main:308] 1 change detected
[stderr] 2026-07-24 05:12:56 WARNING  [codeboarding_pro.analysis_controller:458] Skipping incremental update: full analysis artifacts not ready yet
[stderr] 2026-07-24 05:12:56 INFO     [codeboarding_pro.analysis_controller:279] No cached analysis results; skipping health report
[stderr] 2026-07-24 05:13:45 INFO     [watchfiles.main:308] 1 change detected
[stderr] 2026-07-24 05:13:45 WARNING  [codeboarding_pro.analysis_controller:458] Skipping incremental update: full analysis artifacts not ready yet
[stderr] 2026-07-24 05:13:45 INFO     [codeboarding_pro.analysis_controller:279] No cached analysis results; skipping health report
[stderr] 2026-07-24 05:14:31 INFO     [watchfiles.main:308] 1 change detected
[stderr] 2026-07-24 05:14:32 WARNING  [codeboarding_pro.analysis_controller:458] Skipping incremental update: full analysis artifacts not ready yet
[stderr] 2026-07-24 05:14:32 INFO     [codeboarding_pro.analysis_controller:279] No cached analysis results; skipping health report
[stderr] 2026-07-24 05:14:39 INFO     [watchfiles.main:308] 1 change detected
[stderr] 2026-07-24 05:14:39 WARNING  [codeboarding_pro.analysis_controller:458] Skipping incremental update: full analysis artifacts not ready yet
[stderr] 2026-07-24 05:14:39 INFO     [codeboarding_pro.analysis_controller:279] No cached analysis results; skipping health report
[stderr] 2026-07-24 05:14:48 INFO     [watchfiles.main:308] 1 change detected
[stderr] 2026-07-24 05:14:49 WARNING  [codeboarding_pro.analysis_controller:458] Skipping incremental update: full analysis artifacts not ready yet
[stderr] 2026-07-24 05:14:49 INFO     [codeboarding_pro.analysis_controller:279] No cached analysis results; skipping health report
[stderr] 2026-07-24 05:14:58 INFO     [watchfiles.main:308] 1 change detected
[stderr] 2026-07-24 05:14:58 WARNING  [codeboarding_pro.analysis_controller:458] Skipping incremental update: full analysis artifacts not ready yet
[stderr] 2026-07-24 05:14:58 INFO     [codeboarding_pro.analysis_controller:279] No cached analysis results; skipping health report
[stderr] 2026-07-24 05:15:18 INFO     [watchfiles.main:308] 1 change detected
[stderr] 2026-07-24 05:15:19 WARNING  [codeboarding_pro.analysis_controller:458] Skipping incremental update: full analysis artifacts not ready yet
[stderr] 2026-07-24 05:15:19 INFO     [codeboarding_pro.analysis_controller:279] No cached analysis results; skipping health report
[stderr] 2026-07-24 05:19:32 INFO     [watchfiles.main:308] 1 change detected
[stderr] 2026-07-24 05:19:33 WARNING  [codeboarding_pro.analysis_controller:458] Skipping incremental update: full analysis artifacts not ready yet
[stderr] 2026-07-24 05:19:33 INFO     [codeboarding_pro.analysis_controller:279] No cached analysis results; skipping health report
[stderr] 2026-07-24 05:21:47 INFO     [watchfiles.main:308] 1 change detected
[stderr] 2026-07-24 05:21:48 WARNING  [codeboarding_pro.analysis_controller:458] Skipping incremental update: full analysis artifacts not ready yet
[stderr] 2026-07-24 05:21:48 INFO     [codeboarding_pro.analysis_controller:279] No cached analysis results; skipping health report
[stderr] 2026-07-24 05:21:58 INFO     [watchfiles.main:308] 1 change detected
[stderr] 2026-07-24 05:21:58 WARNING  [codeboarding_pro.analysis_controller:458] Skipping incremental update: full analysis artifacts not ready yet
[stderr] 2026-07-24 05:21:58 INFO     [codeboarding_pro.analysis_controller:279] No cached analysis results; skipping health report
[stderr] 2026-07-24 05:22:08 INFO     [watchfiles.main:308] 1 change detected
[stderr] 2026-07-24 05:22:09 WARNING  [codeboarding_pro.analysis_controller:458] Skipping incremental update: full analysis artifacts not ready yet
[stderr] 2026-07-24 05:22:09 INFO     [codeboarding_pro.analysis_controller:279] No cached analysis results; skipping health report
[stderr] 2026-07-24 05:22:21 INFO     [watchfiles.main:308] 1 change detected
[stderr] 2026-07-24 05:22:21 WARNING  [codeboarding_pro.analysis_controller:458] Skipping incremental update: full analysis artifacts not ready yet
[stderr] 2026-07-24 05:22:21 INFO     [codeboarding_pro.analysis_controller:279] No cached analysis results; skipping health report
[stderr] 2026-07-24 05:22:42 INFO     [watchfiles.main:308] 1 change detected
[stderr] 2026-07-24 05:22:42 WARNING  [codeboarding_pro.analysis_controller:458] Skipping incremental update: full analysis artifacts not ready yet
[stderr] 2026-07-24 05:22:42 INFO     [codeboarding_pro.analysis_controller:279] No cached analysis results; skipping health report
[stderr] 2026-07-24 05:22:58 INFO     [watchfiles.main:308] 1 change detected
[stderr] 2026-07-24 05:22:59 WARNING  [codeboarding_pro.analysis_controller:458] Skipping incremental update: full analysis artifacts not ready yet
[stderr] 2026-07-24 05:22:59 INFO     [codeboarding_pro.analysis_controller:279] No cached analysis results; skipping health report
[stderr] 2026-07-24 05:23:08 INFO     [watchfiles.main:308] 1 change detected
[stderr] 2026-07-24 05:23:09 WARNING  [codeboarding_pro.analysis_controller:458] Skipping incremental update: full analysis artifacts not ready yet
[stderr] 2026-07-24 05:23:09 INFO     [codeboarding_pro.analysis_controller:279] No cached analysis results; skipping health report
[stderr] 2026-07-24 05:23:18 INFO     [watchfiles.main:308] 1 change detected
[stderr] 2026-07-24 05:23:19 WARNING  [codeboarding_pro.analysis_controller:458] Skipping incremental update: full analysis artifacts not ready yet
[stderr] 2026-07-24 05:23:19 INFO     [codeboarding_pro.analysis_controller:279] No cached analysis results; skipping health report
[stderr] 2026-07-24 05:23:34 INFO     [watchfiles.main:308] 1 change detected
[stderr] 2026-07-24 05:23:35 WARNING  [codeboarding_pro.analysis_controller:458] Skipping incremental update: full analysis artifacts not ready yet
[stderr] 2026-07-24 05:23:35 INFO     [codeboarding_pro.analysis_controller:279] No cached analysis results; skipping health report
[stderr] 2026-07-24 05:23:53 INFO     [watchfiles.main:308] 4 changes detected
[stderr] 2026-07-24 05:23:54 WARNING  [codeboarding_pro.analysis_controller:458] Skipping incremental update: full analysis artifacts not ready yet
[stderr] 2026-07-24 05:23:54 INFO     [codeboarding_pro.analysis_controller:279] No cached analysis results; skipping health report
[stderr] 2026-07-24 05:27:47 INFO     [watchfiles.main:308] 1 change detected
[stderr] 2026-07-24 05:27:47 WARNING  [codeboarding_pro.analysis_controller:458] Skipping incremental update: full analysis artifacts not ready yet
[stderr] 2026-07-24 05:27:47 INFO     [codeboarding_pro.analysis_controller:279] No cached analysis results; skipping health report
[stderr] 2026-07-24 05:28:05 INFO     [watchfiles.main:308] 1 change detected
[stderr] 2026-07-24 05:28:06 WARNING  [codeboarding_pro.analysis_controller:458] Skipping incremental update: full analysis artifacts not ready yet
[stderr] 2026-07-24 05:28:06 INFO     [codeboarding_pro.analysis_controller:279] No cached analysis results; skipping health report
[stderr] 2026-07-24 05:28:27 INFO     [watchfiles.main:308] 1 change detected
[stderr] 2026-07-24 05:28:27 WARNING  [codeboarding_pro.analysis_controller:458] Skipping incremental update: full analysis artifacts not ready yet
[stderr] 2026-07-24 05:28:27 INFO     [codeboarding_pro.analysis_controller:279] No cached analysis results; skipping health report
[stderr] 2026-07-24 05:28:46 INFO     [watchfiles.main:308] 1 change detected
[stderr] 2026-07-24 05:28:47 WARNING  [codeboarding_pro.analysis_controller:458] Skipping incremental update: full analysis artifacts not ready yet
[stderr] 2026-07-24 05:28:47 INFO     [codeboarding_pro.analysis_controller:279] No cached analysis results; skipping health report
[stderr] 2026-07-24 05:31:50 INFO     [watchfiles.main:308] 1 change detected
[stderr] 2026-07-24 05:31:51 WARNING  [codeboarding_pro.analysis_controller:458] Skipping incremental update: full analysis artifacts not ready yet
[stderr] 2026-07-24 05:31:51 INFO     [codeboarding_pro.analysis_controller:279] No cached analysis results; skipping health report
[stderr] 2026-07-24 05:32:02 INFO     [watchfiles.main:308] 1 change detected
[stderr] 2026-07-24 05:32:03 WARNING  [codeboarding_pro.analysis_controller:458] Skipping incremental update: full analysis artifacts not ready yet
[stderr] 2026-07-24 05:32:03 INFO     [codeboarding_pro.analysis_controller:279] No cached analysis results; skipping health report
[stderr] 2026-07-24 06:00:48 INFO     [watchfiles.main:308] 1 change detected
[stderr] 2026-07-24 06:00:48 WARNING  [codeboarding_pro.analysis_controller:458] Skipping incremental update: full analysis artifacts not ready yet
[stderr] 2026-07-24 06:00:48 INFO     [codeboarding_pro.analysis_controller:279] No cached analysis results; skipping health report
[stderr] 2026-07-24 06:00:58 INFO     [watchfiles.main:308] 1 change detected
[stderr] 2026-07-24 06:00:58 WARNING  [codeboarding_pro.analysis_controller:458] Skipping incremental update: full analysis artifacts not ready yet
[stderr] 2026-07-24 06:00:58 INFO     [codeboarding_pro.analysis_controller:279] No cached analysis results; skipping health report
[stderr] 2026-07-24 06:01:05 INFO     [watchfiles.main:308] 1 change detected
[stderr] 2026-07-24 06:01:06 WARNING  [codeboarding_pro.analysis_controller:458] Skipping incremental update: full analysis artifacts not ready yet
[stderr] 2026-07-24 06:01:06 INFO     [codeboarding_pro.analysis_controller:279] No cached analysis results; skipping health report
[stderr] 2026-07-24 06:01:15 INFO     [watchfiles.main:308] 1 change detected
[stderr] 2026-07-24 06:01:16 WARNING  [codeboarding_pro.analysis_controller:458] Skipping incremental update: full analysis artifacts not ready yet
[stderr] 2026-07-24 06:01:16 INFO     [codeboarding_pro.analysis_controller:279] No cached analysis results; skipping health report
[stderr] 2026-07-24 06:01:23 INFO     [watchfiles.main:308] 1 change detected
[stderr] 2026-07-24 06:01:23 WARNING  [codeboarding_pro.analysis_controller:458] Skipping incremental update: full analysis artifacts not ready yet
[stderr] 2026-07-24 06:01:23 INFO     [codeboarding_pro.analysis_controller:279] No cached analysis results; skipping health report
[stderr] 2026-07-24 06:01:32 INFO     [watchfiles.main:308] 1 change detected
[stderr] 2026-07-24 06:01:32 WARNING  [codeboarding_pro.analysis_controller:458] Skipping incremental update: full analysis artifacts not ready yet
[stderr] 2026-07-24 06:01:32 INFO     [codeboarding_pro.analysis_controller:279] No cached analysis results; skipping health report
[stderr] 2026-07-24 06:01:42 INFO     [watchfiles.main:308] 1 change detected
[stderr] 2026-07-24 06:01:42 WARNING  [codeboarding_pro.analysis_controller:458] Skipping incremental update: full analysis artifacts not ready yet
[stderr] 2026-07-24 06:01:42 INFO     [codeboarding_pro.analysis_controller:279] No cached analysis results; skipping health report
[stderr] 2026-07-24 06:01:51 INFO     [watchfiles.main:308] 1 change detected
[stderr] 2026-07-24 06:01:52 WARNING  [codeboarding_pro.analysis_controller:458] Skipping incremental update: full analysis artifacts not ready yet
[stderr] 2026-07-24 06:01:52 INFO     [codeboarding_pro.analysis_controller:279] No cached analysis results; skipping health report
[stderr] 2026-07-24 06:01:58 INFO     [watchfiles.main:308] 1 change detected
[stderr] 2026-07-24 06:01:59 WARNING  [codeboarding_pro.analysis_controller:458] Skipping incremental update: full analysis artifacts not ready yet
[stderr] 2026-07-24 06:01:59 INFO     [codeboarding_pro.analysis_controller:279] No cached analysis results; skipping health report
[stderr] 2026-07-24 06:02:44 INFO     [watchfiles.main:308] 1 change detected
[stderr] 2026-07-24 06:02:45 WARNING  [codeboarding_pro.analysis_controller:458] Skipping incremental update: full analysis artifacts not ready yet
[stderr] 2026-07-24 06:02:45 INFO     [codeboarding_pro.analysis_controller:279] No cached analysis results; skipping health report
[stderr] 2026-07-24 06:02:53 INFO     [watchfiles.main:308] 1 change detected
[stderr] 2026-07-24 06:02:54 WARNING  [codeboarding_pro.analysis_controller:458] Skipping incremental update: full analysis artifacts not ready yet
[stderr] 2026-07-24 06:02:54 INFO     [codeboarding_pro.analysis_controller:279] No cached analysis results; skipping health report
[stderr] 2026-07-24 06:03:04 INFO     [watchfiles.main:308] 1 change detected
[stderr] 2026-07-24 06:03:04 WARNING  [codeboarding_pro.analysis_controller:458] Skipping incremental update: full analysis artifacts not ready yet
[stderr] 2026-07-24 06:03:04 INFO     [codeboarding_pro.analysis_controller:279] No cached analysis results; skipping health report
[stderr] 2026-07-24 06:04:26 INFO     [watchfiles.main:308] 1 change detected
[stderr] 2026-07-24 06:04:26 WARNING  [codeboarding_pro.analysis_controller:458] Skipping incremental update: full analysis artifacts not ready yet
[stderr] 2026-07-24 06:04:26 INFO     [codeboarding_pro.analysis_controller:279] No cached analysis results; skipping health report
[stderr] 2026-07-24 06:04:34 INFO     [watchfiles.main:308] 1 change detected
[stderr] 2026-07-24 06:04:34 WARNING  [codeboarding_pro.analysis_controller:458] Skipping incremental update: full analysis artifacts not ready yet
[stderr] 2026-07-24 06:04:34 INFO     [codeboarding_pro.analysis_controller:279] No cached analysis results; skipping health report
[stderr] 2026-07-24 06:04:41 INFO     [watchfiles.main:308] 1 change detected
[stderr] 2026-07-24 06:04:42 WARNING  [codeboarding_pro.analysis_controller:458] Skipping incremental update: full analysis artifacts not ready yet
[stderr] 2026-07-24 06:04:42 INFO     [codeboarding_pro.analysis_controller:279] No cached analysis results; skipping health report
[stderr] 2026-07-24 06:04:55 INFO     [watchfiles.main:308] 1 change detected
[stderr] 2026-07-24 06:04:56 WARNING  [codeboarding_pro.analysis_controller:458] Skipping incremental update: full analysis artifacts not ready yet
[stderr] 2026-07-24 06:04:56 INFO     [codeboarding_pro.analysis_controller:279] No cached analysis results; skipping health report
[stderr] 2026-07-24 06:05:12 INFO     [watchfiles.main:308] 1 change detected
[stderr] 2026-07-24 06:05:12 WARNING  [codeboarding_pro.analysis_controller:458] Skipping incremental update: full analysis artifacts not ready yet
[stderr] 2026-07-24 06:05:12 INFO     [codeboarding_pro.analysis_controller:279] No cached analysis results; skipping health report
[stderr] 2026-07-24 06:05:36 INFO     [watchfiles.main:308] 1 change detected
[stderr] 2026-07-24 06:05:36 WARNING  [codeboarding_pro.analysis_controller:458] Skipping incremental update: full analysis artifacts not ready yet
[stderr] 2026-07-24 06:05:36 INFO     [codeboarding_pro.analysis_controller:279] No cached analysis results; skipping health report
[stderr] 2026-07-24 06:05:53 INFO     [watchfiles.main:308] 1 change detected
[stderr] 2026-07-24 06:05:54 WARNING  [codeboarding_pro.analysis_controller:458] Skipping incremental update: full analysis artifacts not ready yet
[stderr] 2026-07-24 06:05:54 INFO     [codeboarding_pro.analysis_controller:279] No cached analysis results; skipping health report
[stderr] 2026-07-24 06:06:01 INFO     [watchfiles.main:308] 1 change detected
[stderr] 2026-07-24 06:06:02 WARNING  [codeboarding_pro.analysis_controller:458] Skipping incremental update: full analysis artifacts not ready yet
[stderr] 2026-07-24 06:06:02 INFO     [codeboarding_pro.analysis_controller:279] No cached analysis results; skipping health report
[stderr] 2026-07-24 06:07:01 INFO     [watchfiles.main:308] 1 change detected
[stderr] 2026-07-24 06:07:01 WARNING  [codeboarding_pro.analysis_controller:458] Skipping incremental update: full analysis artifacts not ready yet
[stderr] 2026-07-24 06:07:01 INFO     [codeboarding_pro.analysis_controller:279] No cached analysis results; skipping health report
[stderr] 2026-07-24 06:07:13 INFO     [watchfiles.main:308] 1 change detected
[stderr] 2026-07-24 06:07:14 WARNING  [codeboarding_pro.analysis_controller:458] Skipping incremental update: full analysis artifacts not ready yet
[stderr] 2026-07-24 06:07:14 INFO     [codeboarding_pro.analysis_controller:279] No cached analysis results; skipping health report
[stderr] 2026-07-24 06:07:36 INFO     [watchfiles.main:308] 1 change detected
[stderr] 2026-07-24 06:07:37 WARNING  [codeboarding_pro.analysis_controller:458] Skipping incremental update: full analysis artifacts not ready yet
[stderr] 2026-07-24 06:07:37 INFO     [codeboarding_pro.analysis_controller:279] No cached analysis results; skipping health report
[stderr] 2026-07-24 06:07:44 INFO     [watchfiles.main:308] 1 change detected
[stderr] 2026-07-24 06:07:44 WARNING  [codeboarding_pro.analysis_controller:458] Skipping incremental update: full analysis artifacts not ready yet
[stderr] 2026-07-24 06:07:44 INFO     [codeboarding_pro.analysis_controller:279] No cached analysis results; skipping health report
[stderr] 2026-07-24 06:29:30 INFO     [watchfiles.main:308] 3 changes detected
[stderr] 2026-07-24 06:29:30 WARNING  [codeboarding_pro.analysis_controller:458] Skipping incremental update: full analysis artifacts not ready yet
[stderr] 2026-07-24 06:29:30 INFO     [codeboarding_pro.analysis_controller:279] No cached analysis results; skipping health report
[stderr] 2026-07-24 06:55:19 INFO     [watchfiles.main:308] 1 change detected
[stderr] 2026-07-24 06:55:20 WARNING  [codeboarding_pro.analysis_controller:458] Skipping incremental update: full analysis artifacts not ready yet
[stderr] 2026-07-24 06:55:20 INFO     [codeboarding_pro.analysis_controller:279] No cached analysis results; skipping health report
[stderr] 2026-07-24 06:55:40 INFO     [watchfiles.main:308] 1 change detected
[stderr] 2026-07-24 06:55:41 WARNING  [codeboarding_pro.analysis_controller:458] Skipping incremental update: full analysis artifacts not ready yet
[stderr] 2026-07-24 06:55:41 INFO     [codeboarding_pro.analysis_controller:279] No cached analysis results; skipping health report
[stderr] 2026-07-24 07:17:34 INFO     [watchfiles.main:308] 1 change detected
[stderr] 2026-07-24 07:17:35 WARNING  [codeboarding_pro.analysis_controller:458] Skipping incremental update: full analysis artifacts not ready yet
[stderr] 2026-07-24 07:17:35 INFO     [codeboarding_pro.analysis_controller:279] No cached analysis results; skipping health report
[stderr] 2026-07-24 07:17:38 INFO     [watchfiles.main:308] 1 change detected
[stderr] 2026-07-24 07:17:38 WARNING  [codeboarding_pro.analysis_controller:458] Skipping incremental update: full analysis artifacts not ready yet
[stderr] 2026-07-24 07:17:38 INFO     [codeboarding_pro.analysis_controller:279] No cached analysis results; skipping health report
[stderr] 2026-07-24 07:17:46 INFO     [watchfiles.main:308] 1 change detected
[stderr] 2026-07-24 07:17:46 WARNING  [codeboarding_pro.analysis_controller:458] Skipping incremental update: full analysis artifacts not ready yet
[stderr] 2026-07-24 07:17:46 INFO     [codeboarding_pro.analysis_controller:279] No cached analysis results; skipping health report
[stderr] 2026-07-24 07:17:55 INFO     [watchfiles.main:308] 1 change detected
[stderr] 2026-07-24 07:17:56 WARNING  [codeboarding_pro.analysis_controller:458] Skipping incremental update: full analysis artifacts not ready yet
[stderr] 2026-07-24 07:17:56 INFO     [codeboarding_pro.analysis_controller:279] No cached analysis results; skipping health report
[stderr] 2026-07-24 07:18:18 INFO     [watchfiles.main:308] 1 change detected
[stderr] 2026-07-24 07:18:18 WARNING  [codeboarding_pro.analysis_controller:458] Skipping incremental update: full analysis artifacts not ready yet
[stderr] 2026-07-24 07:18:18 INFO     [codeboarding_pro.analysis_controller:279] No cached analysis results; skipping health report
[stderr] 2026-07-24 07:18:34 INFO     [watchfiles.main:308] 1 change detected
[stderr] 2026-07-24 07:18:35 WARNING  [codeboarding_pro.analysis_controller:458] Skipping incremental update: full analysis artifacts not ready yet
[stderr] 2026-07-24 07:18:35 INFO     [codeboarding_pro.analysis_controller:279] No cached analysis results; skipping health report
[stderr] 2026-07-24 07:20:24 INFO     [watchfiles.main:308] 1 change detected
[stderr] 2026-07-24 07:20:25 WARNING  [codeboarding_pro.analysis_controller:458] Skipping incremental update: full analysis artifacts not ready yet
[stderr] 2026-07-24 07:20:25 INFO     [codeboarding_pro.analysis_controller:279] No cached analysis results; skipping health report
[stderr] 2026-07-24 07:20:45 INFO     [watchfiles.main:308] 1 change detected
[stderr] 2026-07-24 07:20:45 WARNING  [codeboarding_pro.analysis_controller:458] Skipping incremental update: full analysis artifacts not ready yet
[stderr] 2026-07-24 07:20:45 INFO     [codeboarding_pro.analysis_controller:279] No cached analysis results; skipping health report
[stderr] 2026-07-24 07:20:51 INFO     [watchfiles.main:308] 1 change detected
[stderr] 2026-07-24 07:20:51 WARNING  [codeboarding_pro.analysis_controller:458] Skipping incremental update: full analysis artifacts not ready yet
[stderr] 2026-07-24 07:20:51 INFO     [codeboarding_pro.analysis_controller:279] No cached analysis results; skipping health report
[stderr] 2026-07-24 07:20:57 INFO     [watchfiles.main:308] 1 change detected
[stderr] 2026-07-24 07:20:58 WARNING  [codeboarding_pro.analysis_controller:458] Skipping incremental update: full analysis artifacts not ready yet
[stderr] 2026-07-24 07:20:58 INFO     [codeboarding_pro.analysis_controller:279] No cached analysis results; skipping health report
[stderr] 2026-07-24 07:24:01 INFO     [watchfiles.main:308] 1 change detected
[stderr] 2026-07-24 07:24:02 WARNING  [codeboarding_pro.analysis_controller:458] Skipping incremental update: full analysis artifacts not ready yet
[stderr] 2026-07-24 07:24:02 INFO     [codeboarding_pro.analysis_controller:279] No cached analysis results; skipping health report
[stderr] 2026-07-24 07:25:41 INFO     [watchfiles.main:308] 1 change detected
[stderr] 2026-07-24 07:25:41 WARNING  [codeboarding_pro.analysis_controller:458] Skipping incremental update: full analysis artifacts not ready yet
[stderr] 2026-07-24 07:25:41 INFO     [codeboarding_pro.analysis_controller:279] No cached analysis results; skipping health report
[stderr] 2026-07-24 08:25:14 INFO     [watchfiles.main:308] 1 change detected
[stderr] 2026-07-24 08:25:14 WARNING  [codeboarding_pro.analysis_controller:458] Skipping incremental update: full analysis artifacts not ready yet
[stderr] 2026-07-24 08:25:14 INFO     [codeboarding_pro.analysis_controller:279] No cached analysis results; skipping health report
[stderr] 2026-07-24 08:25:29 INFO     [watchfiles.main:308] 1 change detected
[stderr] 2026-07-24 08:25:29 WARNING  [codeboarding_pro.analysis_controller:458] Skipping incremental update: full analysis artifacts not ready yet
[stderr] 2026-07-24 08:25:29 INFO     [codeboarding_pro.analysis_controller:279] No cached analysis results; skipping health report
[stderr] 2026-07-24 08:25:49 INFO     [watchfiles.main:308] 1 change detected
[stderr] 2026-07-24 08:25:49 WARNING  [codeboarding_pro.analysis_controller:458] Skipping incremental update: full analysis artifacts not ready yet
[stderr] 2026-07-24 08:25:49 INFO     [codeboarding_pro.analysis_controller:279] No cached analysis results; skipping health report
[stderr] 2026-07-24 08:26:01 INFO     [watchfiles.main:308] 1 change detected
[stderr] 2026-07-24 08:26:01 WARNING  [codeboarding_pro.analysis_controller:458] Skipping incremental update: full analysis artifacts not ready yet
[stderr] 2026-07-24 08:26:01 INFO     [codeboarding_pro.analysis_controller:279] No cached analysis results; skipping health report
[stderr] 2026-07-24 08:26:14 INFO     [watchfiles.main:308] 1 change detected
[stderr] 2026-07-24 08:26:14 WARNING  [codeboarding_pro.analysis_controller:458] Skipping incremental update: full analysis artifacts not ready yet
[stderr] 2026-07-24 08:26:14 INFO     [codeboarding_pro.analysis_controller:279] No cached analysis results; skipping health report
[stderr] 2026-07-24 08:26:20 INFO     [watchfiles.main:308] 1 change detected
[stderr] 2026-07-24 08:26:20 WARNING  [codeboarding_pro.analysis_controller:458] Skipping incremental update: full analysis artifacts not ready yet
[stderr] 2026-07-24 08:26:20 INFO     [codeboarding_pro.analysis_controller:279] No cached analysis results; skipping health report
[stderr] 2026-07-24 08:26:34 INFO     [watchfiles.main:308] 1 change detected
[stderr] 2026-07-24 08:26:35 WARNING  [codeboarding_pro.analysis_controller:458] Skipping incremental update: full analysis artifacts not ready yet
[stderr] 2026-07-24 08:26:35 INFO     [codeboarding_pro.analysis_controller:279] No cached analysis results; skipping health report
[stderr] 2026-07-24 08:26:43 INFO     [watchfiles.main:308] 1 change detected
[stderr] 2026-07-24 08:26:44 WARNING  [codeboarding_pro.analysis_controller:458] Skipping incremental update: full analysis artifacts not ready yet
[stderr] 2026-07-24 08:26:44 INFO     [codeboarding_pro.analysis_controller:279] No cached analysis results; skipping health report
[stderr] 2026-07-24 08:27:01 INFO     [watchfiles.main:308] 1 change detected
[stderr] 2026-07-24 08:27:01 WARNING  [codeboarding_pro.analysis_controller:458] Skipping incremental update: full analysis artifacts not ready yet
[stderr] 2026-07-24 08:27:01 INFO     [codeboarding_pro.analysis_controller:279] No cached analysis results; skipping health report
[stderr] 2026-07-24 08:27:18 INFO     [watchfiles.main:308] 1 change detected
[stderr] 2026-07-24 08:27:19 WARNING  [codeboarding_pro.analysis_controller:458] Skipping incremental update: full analysis artifacts not ready yet
[stderr] 2026-07-24 08:27:19 INFO     [codeboarding_pro.analysis_controller:279] No cached analysis results; skipping health report
[stderr] 2026-07-24 08:27:40 INFO     [watchfiles.main:308] 1 change detected
[stderr] 2026-07-24 08:27:41 WARNING  [codeboarding_pro.analysis_controller:458] Skipping incremental update: full analysis artifacts not ready yet
[stderr] 2026-07-24 08:27:41 INFO     [codeboarding_pro.analysis_controller:279] No cached analysis results; skipping health report
[stderr] 2026-07-24 08:27:58 INFO     [watchfiles.main:308] 1 change detected
[stderr] 2026-07-24 08:27:59 WARNING  [codeboarding_pro.analysis_controller:458] Skipping incremental update: full analysis artifacts not ready yet
[stderr] 2026-07-24 08:27:59 INFO     [codeboarding_pro.analysis_controller:279] No cached analysis results; skipping health report
[stderr] 2026-07-24 08:28:40 INFO     [watchfiles.main:308] 1 change detected
[stderr] 2026-07-24 08:28:41 WARNING  [codeboarding_pro.analysis_controller:458] Skipping incremental update: full analysis artifacts not ready yet
[stderr] 2026-07-24 08:28:41 INFO     [codeboarding_pro.analysis_controller:279] No cached analysis results; skipping health report
[stderr] 2026-07-24 08:29:09 INFO     [watchfiles.main:308] 1 change detected
[stderr] 2026-07-24 08:29:09 WARNING  [codeboarding_pro.analysis_controller:458] Skipping incremental update: full analysis artifacts not ready yet
[stderr] 2026-07-24 08:29:09 INFO     [codeboarding_pro.analysis_controller:279] No cached analysis results; skipping health report
[stderr] 2026-07-24 08:29:27 INFO     [watchfiles.main:308] 1 change detected
[stderr] 2026-07-24 08:29:27 WARNING  [codeboarding_pro.analysis_controller:458] Skipping incremental update: full analysis artifacts not ready yet
[stderr] 2026-07-24 08:29:27 INFO     [codeboarding_pro.analysis_controller:279] No cached analysis results; skipping health report
[stderr] 2026-07-24 08:29:57 INFO     [watchfiles.main:308] 1 change detected
[stderr] 2026-07-24 08:29:58 WARNING  [codeboarding_pro.analysis_controller:458] Skipping incremental update: full analysis artifacts not ready yet
[stderr] 2026-07-24 08:29:58 INFO     [codeboarding_pro.analysis_controller:279] No cached analysis results; skipping health report
[stderr] 2026-07-24 08:30:03 INFO     [watchfiles.main:308] 1 change detected
[stderr] 2026-07-24 08:30:04 WARNING  [codeboarding_pro.analysis_controller:458] Skipping incremental update: full analysis artifacts not ready yet
[stderr] 2026-07-24 08:30:04 INFO     [codeboarding_pro.analysis_controller:279] No cached analysis results; skipping health report
[stderr] 2026-07-24 08:30:10 INFO     [watchfiles.main:308] 1 change detected
[stderr] 2026-07-24 08:30:10 WARNING  [codeboarding_pro.analysis_controller:458] Skipping incremental update: full analysis artifacts not ready yet
[stderr] 2026-07-24 08:30:10 INFO     [codeboarding_pro.analysis_controller:279] No cached analysis results; skipping health report
[stderr] 2026-07-24 08:30:24 INFO     [watchfiles.main:308] 1 change detected
[stderr] 2026-07-24 08:30:25 WARNING  [codeboarding_pro.analysis_controller:458] Skipping incremental update: full analysis artifacts not ready yet
[stderr] 2026-07-24 08:30:25 INFO     [codeboarding_pro.analysis_controller:279] No cached analysis results; skipping health report
[stderr] 2026-07-24 08:30:35 INFO     [watchfiles.main:308] 1 change detected
[stderr] 2026-07-24 08:30:35 WARNING  [codeboarding_pro.analysis_controller:458] Skipping incremental update: full analysis artifacts not ready yet
[stderr] 2026-07-24 08:30:35 INFO     [codeboarding_pro.analysis_controller:279] No cached analysis results; skipping health report
[stderr] 2026-07-24 08:30:53 INFO     [watchfiles.main:308] 1 change detected
[stderr] 2026-07-24 08:30:53 WARNING  [codeboarding_pro.analysis_controller:458] Skipping incremental update: full analysis artifacts not ready yet
[stderr] 2026-07-24 08:30:53 INFO     [codeboarding_pro.analysis_controller:279] No cached analysis results; skipping health report
[stderr] 2026-07-24 08:31:09 INFO     [watchfiles.main:308] 1 change detected
[stderr] 2026-07-24 08:31:10 WARNING  [codeboarding_pro.analysis_controller:458] Skipping incremental update: full analysis artifacts not ready yet
[stderr] 2026-07-24 08:31:10 INFO     [codeboarding_pro.analysis_controller:279] No cached analysis results; skipping health report
[stderr] 2026-07-24 08:31:25 INFO     [watchfiles.main:308] 1 change detected
[stderr] 2026-07-24 08:31:26 WARNING  [codeboarding_pro.analysis_controller:458] Skipping incremental update: full analysis artifacts not ready yet
[stderr] 2026-07-24 08:31:26 INFO     [codeboarding_pro.analysis_controller:279] No cached analysis results; skipping health report
[stderr] 2026-07-24 08:31:38 INFO     [watchfiles.main:308] 1 change detected
[stderr] 2026-07-24 08:31:39 WARNING  [codeboarding_pro.analysis_controller:458] Skipping incremental update: full analysis artifacts not ready yet
[stderr] 2026-07-24 08:31:39 INFO     [codeboarding_pro.analysis_controller:279] No cached analysis results; skipping health report
[stderr] 2026-07-24 08:31:50 INFO     [watchfiles.main:308] 1 change detected
[stderr] 2026-07-24 08:31:50 WARNING  [codeboarding_pro.analysis_controller:458] Skipping incremental update: full analysis artifacts not ready yet
[stderr] 2026-07-24 08:31:50 INFO     [codeboarding_pro.analysis_controller:279] No cached analysis results; skipping health report
[stderr] 2026-07-24 08:32:02 INFO     [watchfiles.main:308] 1 change detected
[stderr] 2026-07-24 08:32:02 WARNING  [codeboarding_pro.analysis_controller:458] Skipping incremental update: full analysis artifacts not ready yet
[stderr] 2026-07-24 08:32:02 INFO     [codeboarding_pro.analysis_controller:279] No cached analysis results; skipping health report
[stderr] 2026-07-24 08:32:09 INFO     [watchfiles.main:308] 1 change detected
[stderr] 2026-07-24 08:32:10 WARNING  [codeboarding_pro.analysis_controller:458] Skipping incremental update: full analysis artifacts not ready yet
[stderr] 2026-07-24 08:32:10 INFO     [codeboarding_pro.analysis_controller:279] No cached analysis results; skipping health report
[stderr] 2026-07-24 08:32:18 INFO     [watchfiles.main:308] 1 change detected
[stderr] 2026-07-24 08:32:19 WARNING  [codeboarding_pro.analysis_controller:458] Skipping incremental update: full analysis artifacts not ready yet
[stderr] 2026-07-24 08:32:19 INFO     [codeboarding_pro.analysis_controller:279] No cached analysis results; skipping health report
[stderr] 2026-07-24 08:32:33 INFO     [watchfiles.main:308] 1 change detected
[stderr] 2026-07-24 08:32:33 WARNING  [codeboarding_pro.analysis_controller:458] Skipping incremental update: full analysis artifacts not ready yet
[stderr] 2026-07-24 08:32:33 INFO     [codeboarding_pro.analysis_controller:279] No cached analysis results; skipping health report
[stderr] 2026-07-24 08:32:40 INFO     [watchfiles.main:308] 1 change detected
[stderr] 2026-07-24 08:32:41 WARNING  [codeboarding_pro.analysis_controller:458] Skipping incremental update: full analysis artifacts not ready yet
[stderr] 2026-07-24 08:32:41 INFO     [codeboarding_pro.analysis_controller:279] No cached analysis results; skipping health report
[stderr] 2026-07-24 08:32:52 INFO     [watchfiles.main:308] 1 change detected
[stderr] 2026-07-24 08:32:52 WARNING  [codeboarding_pro.analysis_controller:458] Skipping incremental update: full analysis artifacts not ready yet
[stderr] 2026-07-24 08:32:52 INFO     [codeboarding_pro.analysis_controller:279] No cached analysis results; skipping health report
[stderr] 2026-07-24 08:33:36 INFO     [watchfiles.main:308] 1 change detected
[stderr] 2026-07-24 08:33:37 WARNING  [codeboarding_pro.analysis_controller:458] Skipping incremental update: full analysis artifacts not ready yet
[stderr] 2026-07-24 08:33:37 INFO     [codeboarding_pro.analysis_controller:279] No cached analysis results; skipping health report
[stderr] 2026-07-24 08:33:46 INFO     [watchfiles.main:308] 1 change detected
[stderr] 2026-07-24 08:33:46 WARNING  [codeboarding_pro.analysis_controller:458] Skipping incremental update: full analysis artifacts not ready yet
[stderr] 2026-07-24 08:33:46 INFO     [codeboarding_pro.analysis_controller:279] No cached analysis results; skipping health report
[stderr] 2026-07-24 08:34:07 INFO     [watchfiles.main:308] 1 change detected
[stderr] 2026-07-24 08:34:07 WARNING  [codeboarding_pro.analysis_controller:458] Skipping incremental update: full analysis artifacts not ready yet
[stderr] 2026-07-24 08:34:07 INFO     [codeboarding_pro.analysis_controller:279] No cached analysis results; skipping health report
[stderr] 2026-07-24 08:34:16 INFO     [watchfiles.main:308] 1 change detected
[stderr] 2026-07-24 08:34:17 WARNING  [codeboarding_pro.analysis_controller:458] Skipping incremental update: full analysis artifacts not ready yet
[stderr] 2026-07-24 08:34:17 INFO     [codeboarding_pro.analysis_controller:279] No cached analysis results; skipping health report
[stderr] 2026-07-24 08:34:24 INFO     [watchfiles.main:308] 1 change detected
[stderr] 2026-07-24 08:34:25 WARNING  [codeboarding_pro.analysis_controller:458] Skipping incremental update: full analysis artifacts not ready yet
[stderr] 2026-07-24 08:34:25 INFO     [codeboarding_pro.analysis_controller:279] No cached analysis results; skipping health report
[stderr] 2026-07-24 08:34:32 INFO     [watchfiles.main:308] 1 change detected
[stderr] 2026-07-24 08:34:32 WARNING  [codeboarding_pro.analysis_controller:458] Skipping incremental update: full analysis artifacts not ready yet
[stderr] 2026-07-24 08:34:32 INFO     [codeboarding_pro.analysis_controller:279] No cached analysis results; skipping health report
[stderr] 2026-07-24 08:34:50 INFO     [watchfiles.main:308] 1 change detected
[stderr] 2026-07-24 08:34:50 WARNING  [codeboarding_pro.analysis_controller:458] Skipping incremental update: full analysis artifacts not ready yet
[stderr] 2026-07-24 08:34:50 INFO     [codeboarding_pro.analysis_controller:279] No cached analysis results; skipping health report
[stderr] 2026-07-24 08:35:02 INFO     [watchfiles.main:308] 1 change detected
[stderr] 2026-07-24 08:35:02 WARNING  [codeboarding_pro.analysis_controller:458] Skipping incremental update: full analysis artifacts not ready yet
[stderr] 2026-07-24 08:35:02 INFO     [codeboarding_pro.analysis_controller:279] No cached analysis results; skipping health report
[stderr] 2026-07-24 08:35:13 INFO     [watchfiles.main:308] 1 change detected
[stderr] 2026-07-24 08:35:14 WARNING  [codeboarding_pro.analysis_controller:458] Skipping incremental update: full analysis artifacts not ready yet
[stderr] 2026-07-24 08:35:14 INFO     [codeboarding_pro.analysis_controller:279] No cached analysis results; skipping health report
[stderr] 2026-07-24 08:38:52 INFO     [watchfiles.main:308] 4 changes detected
[stderr] 2026-07-24 08:38:53 WARNING  [codeboarding_pro.analysis_controller:458] Skipping incremental update: full analysis artifacts not ready yet
[stderr] 2026-07-24 08:38:53 INFO     [codeboarding_pro.analysis_controller:279] No cached analysis results; skipping health report
[stderr] 2026-07-24 08:39:33 INFO     [watchfiles.main:308] 1 change detected
[stderr] 2026-07-24 08:39:34 WARNING  [codeboarding_pro.analysis_controller:458] Skipping incremental update: full analysis artifacts not ready yet
[stderr] 2026-07-24 08:39:34 INFO     [codeboarding_pro.analysis_controller:279] No cached analysis results; skipping health report
[stderr] 2026-07-24 08:47:40 INFO     [watchfiles.main:308] 1 change detected
[stderr] 2026-07-24 08:47:40 WARNING  [codeboarding_pro.analysis_controller:458] Skipping incremental update: full analysis artifacts not ready yet
[stderr] 2026-07-24 08:47:40 INFO     [codeboarding_pro.analysis_controller:279] No cached analysis results; skipping health report
[stderr] 2026-07-24 08:47:52 INFO     [watchfiles.main:308] 1 change detected
[stderr] 2026-07-24 08:47:53 WARNING  [codeboarding_pro.analysis_controller:458] Skipping incremental update: full analysis artifacts not ready yet
[stderr] 2026-07-24 08:47:53 INFO     [codeboarding_pro.analysis_controller:279] No cached analysis results; skipping health report
[stderr] 2026-07-24 08:48:06 INFO     [watchfiles.main:308] 1 change detected
[stderr] 2026-07-24 08:48:06 WARNING  [codeboarding_pro.analysis_controller:458] Skipping incremental update: full analysis artifacts not ready yet
[stderr] 2026-07-24 08:48:06 INFO     [codeboarding_pro.analysis_controller:279] No cached analysis results; skipping health report
[stderr] 2026-07-24 08:48:17 INFO     [watchfiles.main:308] 1 change detected
[stderr] 2026-07-24 08:48:17 WARNING  [codeboarding_pro.analysis_controller:458] Skipping incremental update: full analysis artifacts not ready yet
[stderr] 2026-07-24 08:48:17 INFO     [codeboarding_pro.analysis_controller:279] No cached analysis results; skipping health report
[stderr] 2026-07-24 08:48:36 INFO     [watchfiles.main:308] 1 change detected
[stderr] 2026-07-24 08:48:37 WARNING  [codeboarding_pro.analysis_controller:458] Skipping incremental update: full analysis artifacts not ready yet
[stderr] 2026-07-24 08:48:37 INFO     [codeboarding_pro.analysis_controller:279] No cached analysis results; skipping health report
[stderr] 2026-07-24 08:48:51 INFO     [watchfiles.main:308] 1 change detected
[stderr] 2026-07-24 08:48:52 WARNING  [codeboarding_pro.analysis_controller:458] Skipping incremental update: full analysis artifacts not ready yet
[stderr] 2026-07-24 08:48:52 INFO     [codeboarding_pro.analysis_controller:279] No cached analysis results; skipping health report
[stderr] 2026-07-24 08:49:05 INFO     [watchfiles.main:308] 1 change detected
[stderr] 2026-07-24 08:49:05 WARNING  [codeboarding_pro.analysis_controller:458] Skipping incremental update: full analysis artifacts not ready yet
[stderr] 2026-07-24 08:49:05 INFO     [codeboarding_pro.analysis_controller:279] No cached analysis results; skipping health report
[stderr] 2026-07-24 08:49:16 INFO     [watchfiles.main:308] 1 change detected
[stderr] 2026-07-24 08:49:17 WARNING  [codeboarding_pro.analysis_controller:458] Skipping incremental update: full analysis artifacts not ready yet
[stderr] 2026-07-24 08:49:17 INFO     [codeboarding_pro.analysis_controller:279] No cached analysis results; skipping health report
[stderr] 2026-07-24 08:49:43 INFO     [watchfiles.main:308] 1 change detected
[stderr] 2026-07-24 08:49:44 WARNING  [codeboarding_pro.analysis_controller:458] Skipping incremental update: full analysis artifacts not ready yet
[stderr] 2026-07-24 08:49:44 INFO     [codeboarding_pro.analysis_controller:279] No cached analysis results; skipping health report
[stderr] 2026-07-24 10:03:26 INFO     [watchfiles.main:308] 1 change detected
[stderr] 2026-07-24 10:03:26 WARNING  [codeboarding_pro.analysis_controller:458] Skipping incremental update: full analysis artifacts not ready yet
[stderr] 2026-07-24 10:03:26 INFO     [codeboarding_pro.analysis_controller:279] No cached analysis results; skipping health report
[stderr] 2026-07-24 10:03:35 INFO     [watchfiles.main:308] 1 change detected
[stderr] 2026-07-24 10:03:36 WARNING  [codeboarding_pro.analysis_controller:458] Skipping incremental update: full analysis artifacts not ready yet
[stderr] 2026-07-24 10:03:36 INFO     [codeboarding_pro.analysis_controller:279] No cached analysis results; skipping health report
[stderr] 2026-07-24 10:04:02 INFO     [watchfiles.main:308] 1 change detected
[stderr] 2026-07-24 10:04:02 WARNING  [codeboarding_pro.analysis_controller:458] Skipping incremental update: full analysis artifacts not ready yet
[stderr] 2026-07-24 10:04:02 INFO     [codeboarding_pro.analysis_controller:279] No cached analysis results; skipping health report
[stderr] 2026-07-24 10:04:08 INFO     [watchfiles.main:308] 1 change detected
[stderr] 2026-07-24 10:04:09 WARNING  [codeboarding_pro.analysis_controller:458] Skipping incremental update: full analysis artifacts not ready yet
[stderr] 2026-07-24 10:04:09 INFO     [codeboarding_pro.analysis_controller:279] No cached analysis results; skipping health report
[stderr] 2026-07-24 10:04:09 INFO     [watchfiles.main:308] 1 change detected
[stderr] 2026-07-24 10:04:09 WARNING  [codeboarding_pro.analysis_controller:458] Skipping incremental update: full analysis artifacts not ready yet
[stderr] 2026-07-24 10:04:09 INFO     [codeboarding_pro.analysis_controller:279] No cached analysis results; skipping health report
[stderr] 2026-07-24 10:04:14 INFO     [watchfiles.main:308] 1 change detected
[stderr] 2026-07-24 10:04:14 WARNING  [codeboarding_pro.analysis_controller:458] Skipping incremental update: full analysis artifacts not ready yet
[stderr] 2026-07-24 10:04:14 INFO     [codeboarding_pro.analysis_controller:279] No cached analysis results; skipping health report
[stderr] 2026-07-24 10:04:25 INFO     [watchfiles.main:308] 1 change detected
[stderr] 2026-07-24 10:04:26 WARNING  [codeboarding_pro.analysis_controller:458] Skipping incremental update: full analysis artifacts not ready yet
[stderr] 2026-07-24 10:04:26 INFO     [codeboarding_pro.analysis_controller:279] No cached analysis results; skipping health report
[stderr] 2026-07-24 10:04:37 INFO     [watchfiles.main:308] 1 change detected
[stderr] 2026-07-24 10:04:37 WARNING  [codeboarding_pro.analysis_controller:458] Skipping incremental update: full analysis artifacts not ready yet
[stderr] 2026-07-24 10:04:37 INFO     [codeboarding_pro.analysis_controller:279] No cached analysis results; skipping health report
[stderr] 2026-07-24 10:17:46 INFO     [watchfiles.main:308] 2 changes detected
[stderr] 2026-07-24 10:17:47 WARNING  [codeboarding_pro.analysis_controller:458] Skipping incremental update: full analysis artifacts not ready yet
[stderr] 2026-07-24 10:17:47 INFO     [codeboarding_pro.analysis_controller:279] No cached analysis results; skipping health report
[stderr] 2026-07-24 10:17:51 INFO     [static_analyzer.engine.lsp_client:773] LSP server: rust-analyzer quiescent (health=warning)
[stderr] 2026-07-24 10:19:55 INFO     [watchfiles.main:308] 1 change detected
[stderr] 2026-07-24 10:19:56 WARNING  [codeboarding_pro.analysis_controller:458] Skipping incremental update: full analysis artifacts not ready yet
[stderr] 2026-07-24 10:19:56 INFO     [codeboarding_pro.analysis_controller:279] No cached analysis results; skipping health report
[stderr] 2026-07-24 10:20:02 INFO     [watchfiles.main:308] 1 change detected
[stderr] 2026-07-24 10:20:03 WARNING  [codeboarding_pro.analysis_controller:458] Skipping incremental update: full analysis artifacts not ready yet
[stderr] 2026-07-24 10:20:03 INFO     [codeboarding_pro.analysis_controller:279] No cached analysis results; skipping health report
[stderr] 2026-07-24 10:20:11 INFO     [watchfiles.main:308] 1 change detected
[stderr] 2026-07-24 10:20:12 WARNING  [codeboarding_pro.analysis_controller:458] Skipping incremental update: full analysis artifacts not ready yet
[stderr] 2026-07-24 10:20:12 INFO     [codeboarding_pro.analysis_controller:279] No cached analysis results; skipping health report
[stderr] 2026-07-24 10:20:22 INFO     [watchfiles.main:308] 1 change detected
[stderr] 2026-07-24 10:20:22 WARNING  [codeboarding_pro.analysis_controller:458] Skipping incremental update: full analysis artifacts not ready yet
[stderr] 2026-07-24 10:20:22 INFO     [codeboarding_pro.analysis_controller:279] No cached analysis results; skipping health report
[stderr] 2026-07-24 10:20:41 INFO     [watchfiles.main:308] 1 change detected
[stderr] 2026-07-24 10:20:42 WARNING  [codeboarding_pro.analysis_controller:458] Skipping incremental update: full analysis artifacts not ready yet
[stderr] 2026-07-24 10:20:42 INFO     [codeboarding_pro.analysis_controller:279] No cached analysis results; skipping health report
[stderr] 2026-07-24 10:20:46 INFO     [watchfiles.main:308] 1 change detected
[stderr] 2026-07-24 10:20:47 WARNING  [codeboarding_pro.analysis_controller:458] Skipping incremental update: full analysis artifacts not ready yet
[stderr] 2026-07-24 10:20:47 INFO     [codeboarding_pro.analysis_controller:279] No cached analysis results; skipping health report
[stderr] 2026-07-24 10:20:53 INFO     [watchfiles.main:308] 1 change detected
[stderr] 2026-07-24 10:20:53 WARNING  [codeboarding_pro.analysis_controller:458] Skipping incremental update: full analysis artifacts not ready yet
[stderr] 2026-07-24 10:20:53 INFO     [codeboarding_pro.analysis_controller:279] No cached analysis results; skipping health report
[stderr] 2026-07-24 10:21:14 INFO     [watchfiles.main:308] 1 change detected
[stderr] 2026-07-24 10:21:14 WARNING  [codeboarding_pro.analysis_controller:458] Skipping incremental update: full analysis artifacts not ready yet
[stderr] 2026-07-24 10:21:14 INFO     [codeboarding_pro.analysis_controller:279] No cached analysis results; skipping health report
[stderr] 2026-07-24 10:21:23 INFO     [watchfiles.main:308] 1 change detected
[stderr] 2026-07-24 10:21:23 WARNING  [codeboarding_pro.analysis_controller:458] Skipping incremental update: full analysis artifacts not ready yet
[stderr] 2026-07-24 10:21:23 INFO     [codeboarding_pro.analysis_controller:279] No cached analysis results; skipping health report
[stderr] 2026-07-24 10:21:43 INFO     [watchfiles.main:308] 1 change detected
[stderr] 2026-07-24 10:21:44 WARNING  [codeboarding_pro.analysis_controller:458] Skipping incremental update: full analysis artifacts not ready yet
[stderr] 2026-07-24 10:21:44 INFO     [codeboarding_pro.analysis_controller:279] No cached analysis results; skipping health report
[stderr] 2026-07-24 10:22:35 INFO     [watchfiles.main:308] 1 change detected
[stderr] 2026-07-24 10:22:35 WARNING  [codeboarding_pro.analysis_controller:458] Skipping incremental update: full analysis artifacts not ready yet
[stderr] 2026-07-24 10:22:35 INFO     [codeboarding_pro.analysis_controller:279] No cached analysis results; skipping health report
[stderr] 2026-07-24 10:25:24 INFO     [watchfiles.main:308] 1 change detected
[stderr] 2026-07-24 10:25:24 WARNING  [codeboarding_pro.analysis_controller:458] Skipping incremental update: full analysis artifacts not ready yet
[stderr] 2026-07-24 10:25:24 INFO     [codeboarding_pro.analysis_controller:279] No cached analysis results; skipping health report
[stderr] 2026-07-24 10:25:31 INFO     [watchfiles.main:308] 1 change detected
[stderr] 2026-07-24 10:25:31 WARNING  [codeboarding_pro.analysis_controller:458] Skipping incremental update: full analysis artifacts not ready yet
[stderr] 2026-07-24 10:25:31 INFO     [codeboarding_pro.analysis_controller:279] No cached analysis results; skipping health report
[stderr] 2026-07-24 10:25:35 INFO     [watchfiles.main:308] 1 change detected
[stderr] 2026-07-24 10:25:36 WARNING  [codeboarding_pro.analysis_controller:458] Skipping incremental update: full analysis artifacts not ready yet
[stderr] 2026-07-24 10:25:36 INFO     [codeboarding_pro.analysis_controller:279] No cached analysis results; skipping health report
[stderr] 2026-07-24 10:25:40 INFO     [watchfiles.main:308] 1 change detected
[stderr] 2026-07-24 10:25:40 WARNING  [codeboarding_pro.analysis_controller:458] Skipping incremental update: full analysis artifacts not ready yet
[stderr] 2026-07-24 10:25:40 INFO     [codeboarding_pro.analysis_controller:279] No cached analysis results; skipping health report
[stderr] 2026-07-24 10:25:44 INFO     [watchfiles.main:308] 1 change detected
[stderr] 2026-07-24 10:25:45 WARNING  [codeboarding_pro.analysis_controller:458] Skipping incremental update: full analysis artifacts not ready yet
[stderr] 2026-07-24 10:25:45 INFO     [codeboarding_pro.analysis_controller:279] No cached analysis results; skipping health report
[stderr] 2026-07-24 10:25:50 INFO     [watchfiles.main:308] 1 change detected
[stderr] 2026-07-24 10:25:50 WARNING  [codeboarding_pro.analysis_controller:458] Skipping incremental update: full analysis artifacts not ready yet
[stderr] 2026-07-24 10:25:50 INFO     [codeboarding_pro.analysis_controller:279] No cached analysis results; skipping health report
[stderr] 2026-07-24 10:25:58 INFO     [watchfiles.main:308] 1 change detected
[stderr] 2026-07-24 10:25:59 WARNING  [codeboarding_pro.analysis_controller:458] Skipping incremental update: full analysis artifacts not ready yet
[stderr] 2026-07-24 10:25:59 INFO     [codeboarding_pro.analysis_controller:279] No cached analysis results; skipping health report
[stderr] 2026-07-24 10:26:07 INFO     [watchfiles.main:308] 3 changes detected
[stderr] 2026-07-24 10:26:08 WARNING  [codeboarding_pro.analysis_controller:458] Skipping incremental update: full analysis artifacts not ready yet
[stderr] 2026-07-24 10:26:08 INFO     [codeboarding_pro.analysis_controller:279] No cached analysis results; skipping health report
[stderr] 2026-07-24 10:26:14 INFO     [watchfiles.main:308] 1 change detected
[stderr] 2026-07-24 10:26:15 WARNING  [codeboarding_pro.analysis_controller:458] Skipping incremental update: full analysis artifacts not ready yet
[stderr] 2026-07-24 10:26:15 INFO     [codeboarding_pro.analysis_controller:279] No cached analysis results; skipping health report
[stderr] 2026-07-24 10:26:37 INFO     [watchfiles.main:308] 1 change detected
[stderr] 2026-07-24 10:26:38 WARNING  [codeboarding_pro.analysis_controller:458] Skipping incremental update: full analysis artifacts not ready yet
[stderr] 2026-07-24 10:26:38 INFO     [codeboarding_pro.analysis_controller:279] No cached analysis results; skipping health report
[stderr] 2026-07-24 10:28:53 INFO     [watchfiles.main:308] 1 change detected
[stderr] 2026-07-24 10:28:53 WARNING  [codeboarding_pro.analysis_controller:458] Skipping incremental update: full analysis artifacts not ready yet
[stderr] 2026-07-24 10:28:53 INFO     [codeboarding_pro.analysis_controller:279] No cached analysis results; skipping health report
[stderr] 2026-07-24 10:29:04 INFO     [watchfiles.main:308] 1 change detected
[stderr] 2026-07-24 10:29:05 WARNING  [codeboarding_pro.analysis_controller:458] Skipping incremental update: full analysis artifacts not ready yet
[stderr] 2026-07-24 10:29:05 INFO     [codeboarding_pro.analysis_controller:279] No cached analysis results; skipping health report
[stderr] 2026-07-24 10:34:17 INFO     [watchfiles.main:308] 1 change detected
[stderr] 2026-07-24 10:34:18 WARNING  [codeboarding_pro.analysis_controller:458] Skipping incremental update: full analysis artifacts not ready yet
[stderr] 2026-07-24 10:34:18 INFO     [codeboarding_pro.analysis_controller:279] No cached analysis results; skipping health report
[stderr] 2026-07-24 10:34:24 INFO     [watchfiles.main:308] 1 change detected
[stderr] 2026-07-24 10:34:24 WARNING  [codeboarding_pro.analysis_controller:458] Skipping incremental update: full analysis artifacts not ready yet
[stderr] 2026-07-24 10:34:24 INFO     [codeboarding_pro.analysis_controller:279] No cached analysis results; skipping health report
[stderr] 2026-07-24 10:34:32 INFO     [watchfiles.main:308] 1 change detected
[stderr] 2026-07-24 10:34:32 WARNING  [codeboarding_pro.analysis_controller:458] Skipping incremental update: full analysis artifacts not ready yet
[stderr] 2026-07-24 10:34:32 INFO     [codeboarding_pro.analysis_controller:279] No cached analysis results; skipping health report
[stderr] 2026-07-24 10:35:00 INFO     [watchfiles.main:308] 1 change detected
[stderr] 2026-07-24 10:35:00 WARNING  [codeboarding_pro.analysis_controller:458] Skipping incremental update: full analysis artifacts not ready yet
[stderr] 2026-07-24 10:35:00 INFO     [codeboarding_pro.analysis_controller:279] No cached analysis results; skipping health report
[stderr] 2026-07-24 10:35:11 INFO     [watchfiles.main:308] 7 changes detected
[stderr] 2026-07-24 10:35:12 WARNING  [codeboarding_pro.analysis_controller:458] Skipping incremental update: full analysis artifacts not ready yet
[stderr] 2026-07-24 10:35:12 INFO     [codeboarding_pro.analysis_controller:279] No cached analysis results; skipping health report
[stderr] 2026-07-24 10:50:13 INFO     [watchfiles.main:308] 4 changes detected
[stderr] 2026-07-24 10:50:14 WARNING  [codeboarding_pro.analysis_controller:458] Skipping incremental update: full analysis artifacts not ready yet
[stderr] 2026-07-24 10:50:14 INFO     [codeboarding_pro.analysis_controller:279] No cached analysis results; skipping health report
[stderr] 2026-07-24 10:51:47 INFO     [watchfiles.main:308] 1 change detected
[stderr] 2026-07-24 10:51:47 WARNING  [codeboarding_pro.analysis_controller:458] Skipping incremental update: full analysis artifacts not ready yet
[stderr] 2026-07-24 10:51:47 INFO     [codeboarding_pro.analysis_controller:279] No cached analysis results; skipping health report
[stderr] 2026-07-24 10:52:03 INFO     [watchfiles.main:308] 1 change detected
[stderr] 2026-07-24 10:52:04 WARNING  [codeboarding_pro.analysis_controller:458] Skipping incremental update: full analysis artifacts not ready yet
[stderr] 2026-07-24 10:52:04 INFO     [codeboarding_pro.analysis_controller:279] No cached analysis results; skipping health report
[stderr] 2026-07-24 10:52:12 INFO     [watchfiles.main:308] 1 change detected
[stderr] 2026-07-24 10:52:12 WARNING  [codeboarding_pro.analysis_controller:458] Skipping incremental update: full analysis artifacts not ready yet
[stderr] 2026-07-24 10:52:12 INFO     [codeboarding_pro.analysis_controller:279] No cached analysis results; skipping health report
[stderr] 2026-07-24 10:52:22 INFO     [watchfiles.main:308] 1 change detected
[stderr] 2026-07-24 10:52:22 WARNING  [codeboarding_pro.analysis_controller:458] Skipping incremental update: full analysis artifacts not ready yet
[stderr] 2026-07-24 10:52:22 INFO     [codeboarding_pro.analysis_controller:279] No cached analysis results; skipping health report
[stderr] 2026-07-24 10:52:29 INFO     [watchfiles.main:308] 1 change detected
[stderr] 2026-07-24 10:52:29 WARNING  [codeboarding_pro.analysis_controller:458] Skipping incremental update: full analysis artifacts not ready yet
[stderr] 2026-07-24 10:52:29 INFO     [codeboarding_pro.analysis_controller:279] No cached analysis results; skipping health report
[stderr] 2026-07-24 10:52:42 INFO     [watchfiles.main:308] 1 change detected
[stderr] 2026-07-24 10:52:43 WARNING  [codeboarding_pro.analysis_controller:458] Skipping incremental update: full analysis artifacts not ready yet
[stderr] 2026-07-24 10:52:43 INFO     [codeboarding_pro.analysis_controller:279] No cached analysis results; skipping health report
[stderr] 2026-07-24 10:52:51 INFO     [watchfiles.main:308] 1 change detected
[stderr] 2026-07-24 10:52:51 WARNING  [codeboarding_pro.analysis_controller:458] Skipping incremental update: full analysis artifacts not ready yet
[stderr] 2026-07-24 10:52:51 INFO     [codeboarding_pro.analysis_controller:279] No cached analysis results; skipping health report
[stderr] 2026-07-24 10:53:08 INFO     [watchfiles.main:308] 3 changes detected
[stderr] 2026-07-24 10:53:08 WARNING  [codeboarding_pro.analysis_controller:458] Skipping incremental update: full analysis artifacts not ready yet
[stderr] 2026-07-24 10:53:08 INFO     [codeboarding_pro.analysis_controller:279] No cached analysis results; skipping health report
[stderr] 2026-07-24 10:53:24 INFO     [watchfiles.main:308] 5 changes detected
[stderr] 2026-07-24 10:53:24 WARNING  [codeboarding_pro.analysis_controller:458] Skipping incremental update: full analysis artifacts not ready yet
[stderr] 2026-07-24 10:53:24 INFO     [codeboarding_pro.analysis_controller:279] No cached analysis results; skipping health report
[stderr] 2026-07-24 10:53:54 INFO     [watchfiles.main:308] 1 change detected
[stderr] 2026-07-24 10:53:54 WARNING  [codeboarding_pro.analysis_controller:458] Skipping incremental update: full analysis artifacts not ready yet
[stderr] 2026-07-24 10:53:54 INFO     [codeboarding_pro.analysis_controller:279] No cached analysis results; skipping health report
[stderr] 2026-07-24 10:54:01 INFO     [watchfiles.main:308] 1 change detected
[stderr] 2026-07-24 10:54:01 WARNING  [codeboarding_pro.analysis_controller:458] Skipping incremental update: full analysis artifacts not ready yet
[stderr] 2026-07-24 10:54:01 INFO     [codeboarding_pro.analysis_controller:279] No cached analysis results; skipping health report
[stderr] 2026-07-24 10:54:12 INFO     [watchfiles.main:308] 1 change detected
[stderr] 2026-07-24 10:54:12 WARNING  [codeboarding_pro.analysis_controller:458] Skipping incremental update: full analysis artifacts not ready yet
[stderr] 2026-07-24 10:54:12 INFO     [codeboarding_pro.analysis_controller:279] No cached analysis results; skipping health report
[stderr] 2026-07-24 10:54:17 INFO     [watchfiles.main:308] 1 change detected
[stderr] 2026-07-24 10:54:18 WARNING  [codeboarding_pro.analysis_controller:458] Skipping incremental update: full analysis artifacts not ready yet
[stderr] 2026-07-24 10:54:18 INFO     [codeboarding_pro.analysis_controller:279] No cached analysis results; skipping health report
[stderr] 2026-07-24 10:54:28 INFO     [watchfiles.main:308] 1 change detected
[stderr] 2026-07-24 10:54:29 WARNING  [codeboarding_pro.analysis_controller:458] Skipping incremental update: full analysis artifacts not ready yet
[stderr] 2026-07-24 10:54:29 INFO     [codeboarding_pro.analysis_controller:279] No cached analysis results; skipping health report
[stderr] 2026-07-24 10:54:41 INFO     [watchfiles.main:308] 1 change detected
[stderr] 2026-07-24 10:54:41 WARNING  [codeboarding_pro.analysis_controller:458] Skipping incremental update: full analysis artifacts not ready yet
[stderr] 2026-07-24 10:54:41 INFO     [codeboarding_pro.analysis_controller:279] No cached analysis results; skipping health report
[stderr] 2026-07-24 10:54:59 INFO     [watchfiles.main:308] 1 change detected
[stderr] 2026-07-24 10:55:00 WARNING  [codeboarding_pro.analysis_controller:458] Skipping incremental update: full analysis artifacts not ready yet
[stderr] 2026-07-24 10:55:00 INFO     [codeboarding_pro.analysis_controller:279] No cached analysis results; skipping health report
[stderr] 2026-07-24 10:55:34 INFO     [watchfiles.main:308] 1 change detected
[stderr] 2026-07-24 10:55:35 WARNING  [codeboarding_pro.analysis_controller:458] Skipping incremental update: full analysis artifacts not ready yet
[stderr] 2026-07-24 10:55:35 INFO     [codeboarding_pro.analysis_controller:279] No cached analysis results; skipping health report
[stderr] 2026-07-24 10:55:42 INFO     [watchfiles.main:308] 1 change detected
[stderr] 2026-07-24 10:55:43 WARNING  [codeboarding_pro.analysis_controller:458] Skipping incremental update: full analysis artifacts not ready yet
[stderr] 2026-07-24 10:55:43 INFO     [codeboarding_pro.analysis_controller:279] No cached analysis results; skipping health report
[stderr] 2026-07-24 10:55:49 INFO     [watchfiles.main:308] 1 change detected
[stderr] 2026-07-24 10:55:49 WARNING  [codeboarding_pro.analysis_controller:458] Skipping incremental update: full analysis artifacts not ready yet
[stderr] 2026-07-24 10:55:49 INFO     [codeboarding_pro.analysis_controller:279] No cached analysis results; skipping health report
[stderr] 2026-07-24 10:55:54 INFO     [watchfiles.main:308] 1 change detected
[stderr] 2026-07-24 10:55:55 WARNING  [codeboarding_pro.analysis_controller:458] Skipping incremental update: full analysis artifacts not ready yet
[stderr] 2026-07-24 10:55:55 INFO     [codeboarding_pro.analysis_controller:279] No cached analysis results; skipping health report
[stderr] 2026-07-24 10:57:40 INFO     [watchfiles.main:308] 1 change detected
[stderr] 2026-07-24 10:57:41 WARNING  [codeboarding_pro.analysis_controller:458] Skipping incremental update: full analysis artifacts not ready yet
[stderr] 2026-07-24 10:57:41 INFO     [codeboarding_pro.analysis_controller:279] No cached analysis results; skipping health report
[stderr] 2026-07-24 10:57:45 INFO     [watchfiles.main:308] 1 change detected
[stderr] 2026-07-24 10:57:45 WARNING  [codeboarding_pro.analysis_controller:458] Skipping incremental update: full analysis artifacts not ready yet
[stderr] 2026-07-24 10:57:45 INFO     [codeboarding_pro.analysis_controller:279] No cached analysis results; skipping health report
[stderr] 2026-07-24 10:57:49 INFO     [watchfiles.main:308] 1 change detected
[stderr] 2026-07-24 10:57:49 WARNING  [codeboarding_pro.analysis_controller:458] Skipping incremental update: full analysis artifacts not ready yet
[stderr] 2026-07-24 10:57:49 INFO     [codeboarding_pro.analysis_controller:279] No cached analysis results; skipping health report
[stderr] 2026-07-24 10:57:53 INFO     [watchfiles.main:308] 1 change detected
[stderr] 2026-07-24 10:57:53 WARNING  [codeboarding_pro.analysis_controller:458] Skipping incremental update: full analysis artifacts not ready yet
[stderr] 2026-07-24 10:57:53 INFO     [codeboarding_pro.analysis_controller:279] No cached analysis results; skipping health report
[stderr] 2026-07-24 10:57:57 INFO     [watchfiles.main:308] 1 change detected
[stderr] 2026-07-24 10:57:58 WARNING  [codeboarding_pro.analysis_controller:458] Skipping incremental update: full analysis artifacts not ready yet
[stderr] 2026-07-24 10:57:58 INFO     [codeboarding_pro.analysis_controller:279] No cached analysis results; skipping health report
[stderr] 2026-07-24 10:58:04 INFO     [watchfiles.main:308] 1 change detected
[stderr] 2026-07-24 10:58:04 WARNING  [codeboarding_pro.analysis_controller:458] Skipping incremental update: full analysis artifacts not ready yet
[stderr] 2026-07-24 10:58:04 INFO     [codeboarding_pro.analysis_controller:279] No cached analysis results; skipping health report
[stderr] 2026-07-24 10:58:38 INFO     [watchfiles.main:308] 1 change detected
[stderr] 2026-07-24 10:58:39 WARNING  [codeboarding_pro.analysis_controller:458] Skipping incremental update: full analysis artifacts not ready yet
[stderr] 2026-07-24 10:58:39 INFO     [codeboarding_pro.analysis_controller:279] No cached analysis results; skipping health report
[stderr] 2026-07-24 11:00:44 INFO     [watchfiles.main:308] 1 change detected
[stderr] 2026-07-24 11:00:45 WARNING  [codeboarding_pro.analysis_controller:458] Skipping incremental update: full analysis artifacts not ready yet
[stderr] 2026-07-24 11:00:45 INFO     [codeboarding_pro.analysis_controller:279] No cached analysis results; skipping health report
[stderr] 2026-07-24 11:00:50 INFO     [watchfiles.main:308] 1 change detected
[stderr] 2026-07-24 11:00:50 INFO     [watchfiles.main:308] 1 change detected
[stderr] 2026-07-24 11:00:50 WARNING  [codeboarding_pro.analysis_controller:458] Skipping incremental update: full analysis artifacts not ready yet
[stderr] 2026-07-24 11:00:50 INFO     [codeboarding_pro.analysis_controller:279] No cached analysis results; skipping health report
[stderr] 2026-07-24 11:00:54 INFO     [watchfiles.main:308] 1 change detected
[stderr] 2026-07-24 11:00:54 WARNING  [codeboarding_pro.analysis_controller:458] Skipping incremental update: full analysis artifacts not ready yet
[stderr] 2026-07-24 11:00:54 INFO     [codeboarding_pro.analysis_controller:279] No cached analysis results; skipping health report
[stderr] 2026-07-24 11:00:56 INFO     [watchfiles.main:308] 1 change detected
[stderr] 2026-07-24 11:00:56 WARNING  [codeboarding_pro.analysis_controller:458] Skipping incremental update: full analysis artifacts not ready yet
[stderr] 2026-07-24 11:00:56 INFO     [codeboarding_pro.analysis_controller:279] No cached analysis results; skipping health report
[stderr] 2026-07-24 11:00:59 INFO     [watchfiles.main:308] 1 change detected
[stderr] 2026-07-24 11:00:59 WARNING  [codeboarding_pro.analysis_controller:458] Skipping incremental update: full analysis artifacts not ready yet
[stderr] 2026-07-24 11:00:59 INFO     [codeboarding_pro.analysis_controller:279] No cached analysis results; skipping health report
[stderr] 2026-07-24 11:01:09 INFO     [watchfiles.main:308] 1 change detected
[stderr] 2026-07-24 11:01:10 WARNING  [codeboarding_pro.analysis_controller:458] Skipping incremental update: full analysis artifacts not ready yet
[stderr] 2026-07-24 11:01:10 INFO     [codeboarding_pro.analysis_controller:279] No cached analysis results; skipping health report
[stderr] 2026-07-24 11:01:12 INFO     [watchfiles.main:308] 1 change detected
[stderr] 2026-07-24 11:01:13 WARNING  [codeboarding_pro.analysis_controller:458] Skipping incremental update: full analysis artifacts not ready yet
[stderr] 2026-07-24 11:01:13 INFO     [codeboarding_pro.analysis_controller:279] No cached analysis results; skipping health report
[stderr] 2026-07-24 11:01:31 INFO     [watchfiles.main:308] 1 change detected
[stderr] 2026-07-24 11:01:32 WARNING  [codeboarding_pro.analysis_controller:458] Skipping incremental update: full analysis artifacts not ready yet
[stderr] 2026-07-24 11:01:32 INFO     [codeboarding_pro.analysis_controller:279] No cached analysis results; skipping health report
[stderr] 2026-07-24 11:01:38 INFO     [watchfiles.main:308] 1 change detected
[stderr] 2026-07-24 11:01:38 WARNING  [codeboarding_pro.analysis_controller:458] Skipping incremental update: full analysis artifacts not ready yet
[stderr] 2026-07-24 11:01:38 INFO     [codeboarding_pro.analysis_controller:279] No cached analysis results; skipping health report
[stderr] 2026-07-24 11:01:45 INFO     [watchfiles.main:308] 1 change detected
[stderr] 2026-07-24 11:01:46 WARNING  [codeboarding_pro.analysis_controller:458] Skipping incremental update: full analysis artifacts not ready yet
[stderr] 2026-07-24 11:01:46 INFO     [codeboarding_pro.analysis_controller:279] No cached analysis results; skipping health report
[stderr] 2026-07-24 11:01:49 INFO     [watchfiles.main:308] 1 change detected
[stderr] 2026-07-24 11:01:50 WARNING  [codeboarding_pro.analysis_controller:458] Skipping incremental update: full analysis artifacts not ready yet
[stderr] 2026-07-24 11:01:50 INFO     [codeboarding_pro.analysis_controller:279] No cached analysis results; skipping health report
[stderr] 2026-07-24 11:01:53 INFO     [watchfiles.main:308] 1 change detected
[stderr] 2026-07-24 11:01:54 WARNING  [codeboarding_pro.analysis_controller:458] Skipping incremental update: full analysis artifacts not ready yet
[stderr] 2026-07-24 11:01:54 INFO     [codeboarding_pro.analysis_controller:279] No cached analysis results; skipping health report
[stderr] 2026-07-24 11:01:56 INFO     [watchfiles.main:308] 1 change detected
[stderr] 2026-07-24 11:01:57 WARNING  [codeboarding_pro.analysis_controller:458] Skipping incremental update: full analysis artifacts not ready yet
[stderr] 2026-07-24 11:01:57 INFO     [codeboarding_pro.analysis_controller:279] No cached analysis results; skipping health report
[stderr] 2026-07-24 11:02:05 INFO     [watchfiles.main:308] 1 change detected
[stderr] 2026-07-24 11:02:06 WARNING  [codeboarding_pro.analysis_controller:458] Skipping incremental update: full analysis artifacts not ready yet
[stderr] 2026-07-24 11:02:06 INFO     [codeboarding_pro.analysis_controller:279] No cached analysis results; skipping health report
[stderr] 2026-07-24 11:03:03 INFO     [watchfiles.main:308] 1 change detected
[stderr] 2026-07-24 11:03:04 WARNING  [codeboarding_pro.analysis_controller:458] Skipping incremental update: full analysis artifacts not ready yet
[stderr] 2026-07-24 11:03:04 INFO     [codeboarding_pro.analysis_controller:279] No cached analysis results; skipping health report
[stderr] 2026-07-24 11:03:38 INFO     [watchfiles.main:308] 4 changes detected
[stderr] 2026-07-24 11:03:38 WARNING  [codeboarding_pro.analysis_controller:458] Skipping incremental update: full analysis artifacts not ready yet
[stderr] 2026-07-24 11:03:38 INFO     [codeboarding_pro.analysis_controller:279] No cached analysis results; skipping health report
[stderr] 2026-07-24 11:04:24 INFO     [watchfiles.main:308] 1 change detected
[stderr] 2026-07-24 11:04:25 WARNING  [codeboarding_pro.analysis_controller:458] Skipping incremental update: full analysis artifacts not ready yet
[stderr] 2026-07-24 11:04:25 INFO     [codeboarding_pro.analysis_controller:279] No cached analysis results; skipping health report
[stderr] 2026-07-24 11:04:29 INFO     [watchfiles.main:308] 1 change detected
[stderr] 2026-07-24 11:04:29 WARNING  [codeboarding_pro.analysis_controller:458] Skipping incremental update: full analysis artifacts not ready yet
[stderr] 2026-07-24 11:04:29 INFO     [codeboarding_pro.analysis_controller:279] No cached analysis results; skipping health report
[stderr] 2026-07-24 11:04:30 INFO     [watchfiles.main:308] 1 change detected
[stderr] 2026-07-24 11:04:31 INFO     [watchfiles.main:308] 4 changes detected
[stderr] 2026-07-24 11:04:31 WARNING  [codeboarding_pro.analysis_controller:458] Skipping incremental update: full analysis artifacts not ready yet
[stderr] 2026-07-24 11:04:31 INFO     [codeboarding_pro.analysis_controller:279] No cached analysis results; skipping health report
[stderr] 2026-07-24 11:04:44 INFO     [watchfiles.main:308] 1 change detected
[stderr] 2026-07-24 11:04:44 INFO     [watchfiles.main:308] 4 changes detected
[stderr] 2026-07-24 11:04:45 WARNING  [codeboarding_pro.analysis_controller:458] Skipping incremental update: full analysis artifacts not ready yet
[stderr] 2026-07-24 11:04:45 INFO     [codeboarding_pro.analysis_controller:279] No cached analysis results; skipping health report
[stderr] 2026-07-24 11:04:53 INFO     [watchfiles.main:308] 1 change detected
[stderr] 2026-07-24 11:04:54 WARNING  [codeboarding_pro.analysis_controller:458] Skipping incremental update: full analysis artifacts not ready yet
[stderr] 2026-07-24 11:04:54 INFO     [codeboarding_pro.analysis_controller:279] No cached analysis results; skipping health report
[stderr] 2026-07-24 11:04:54 INFO     [watchfiles.main:308] 4 changes detected
[stderr] 2026-07-24 11:04:54 WARNING  [codeboarding_pro.analysis_controller:458] Skipping incremental update: full analysis artifacts not ready yet
[stderr] 2026-07-24 11:04:54 INFO     [codeboarding_pro.analysis_controller:279] No cached analysis results; skipping health report
[stderr] 2026-07-24 11:05:07 INFO     [watchfiles.main:308] 1 change detected
[stderr] 2026-07-24 11:05:07 INFO     [watchfiles.main:308] 4 changes detected
[stderr] 2026-07-24 11:05:08 WARNING  [codeboarding_pro.analysis_controller:458] Skipping incremental update: full analysis artifacts not ready yet
[stderr] 2026-07-24 11:05:08 INFO     [codeboarding_pro.analysis_controller:279] No cached analysis results; skipping health report
[stderr] 2026-07-24 11:05:16 INFO     [watchfiles.main:308] 1 change detected
[stderr] 2026-07-24 11:05:17 WARNING  [codeboarding_pro.analysis_controller:458] Skipping incremental update: full analysis artifacts not ready yet
[stderr] 2026-07-24 11:05:17 INFO     [codeboarding_pro.analysis_controller:279] No cached analysis results; skipping health report
[stderr] 2026-07-24 11:05:17 INFO     [watchfiles.main:308] 4 changes detected
[stderr] 2026-07-24 11:05:18 WARNING  [codeboarding_pro.analysis_controller:458] Skipping incremental update: full analysis artifacts not ready yet
[stderr] 2026-07-24 11:05:18 INFO     [codeboarding_pro.analysis_controller:279] No cached analysis results; skipping health report
[stderr] 2026-07-24 11:05:35 INFO     [watchfiles.main:308] 1 change detected
[stderr] 2026-07-24 11:05:35 WARNING  [codeboarding_pro.analysis_controller:458] Skipping incremental update: full analysis artifacts not ready yet
[stderr] 2026-07-24 11:05:35 INFO     [codeboarding_pro.analysis_controller:279] No cached analysis results; skipping health report
[stderr] 2026-07-24 11:05:40 INFO     [watchfiles.main:308] 1 change detected
[stderr] 2026-07-24 11:05:41 WARNING  [codeboarding_pro.analysis_controller:458] Skipping incremental update: full analysis artifacts not ready yet
[stderr] 2026-07-24 11:05:41 INFO     [codeboarding_pro.analysis_controller:279] No cached analysis results; skipping health report
[stderr] 2026-07-24 11:05:55 INFO     [watchfiles.main:308] 1 change detected
[stderr] 2026-07-24 11:05:55 WARNING  [codeboarding_pro.analysis_controller:458] Skipping incremental update: full analysis artifacts not ready yet
[stderr] 2026-07-24 11:05:55 INFO     [codeboarding_pro.analysis_controller:279] No cached analysis results; skipping health report
[stderr] 2026-07-24 11:05:59 INFO     [watchfiles.main:308] 4 changes detected
[stderr] 2026-07-24 11:05:59 WARNING  [codeboarding_pro.analysis_controller:458] Skipping incremental update: full analysis artifacts not ready yet
[stderr] 2026-07-24 11:05:59 INFO     [codeboarding_pro.analysis_controller:279] No cached analysis results; skipping health report
[stderr] 2026-07-24 11:07:11 INFO     [watchfiles.main:308] 1 change detected
[stderr] 2026-07-24 11:07:11 WARNING  [codeboarding_pro.analysis_controller:458] Skipping incremental update: full analysis artifacts not ready yet
[stderr] 2026-07-24 11:07:11 INFO     [codeboarding_pro.analysis_controller:279] No cached analysis results; skipping health report
[stderr] 2026-07-24 11:08:09 INFO     [watchfiles.main:308] 1 change detected
[stderr] 2026-07-24 11:08:10 WARNING  [codeboarding_pro.analysis_controller:458] Skipping incremental update: full analysis artifacts not ready yet
[stderr] 2026-07-24 11:08:10 INFO     [codeboarding_pro.analysis_controller:279] No cached analysis results; skipping health report
[stderr] 2026-07-24 12:36:10 INFO     [watchfiles.main:308] 1 change detected
[stderr] 2026-07-24 12:36:10 WARNING  [codeboarding_pro.analysis_controller:458] Skipping incremental update: full analysis artifacts not ready yet
[stderr] 2026-07-24 12:36:10 INFO     [codeboarding_pro.analysis_controller:279] No cached analysis results; skipping health report
[stderr] 2026-07-24 12:36:18 INFO     [watchfiles.main:308] 1 change detected
[stderr] 2026-07-24 12:36:18 WARNING  [codeboarding_pro.analysis_controller:458] Skipping incremental update: full analysis artifacts not ready yet
[stderr] 2026-07-24 12:36:18 INFO     [codeboarding_pro.analysis_controller:279] No cached analysis results; skipping health report
[stderr] 2026-07-24 12:36:27 INFO     [watchfiles.main:308] 1 change detected
[stderr] 2026-07-24 12:36:28 WARNING  [codeboarding_pro.analysis_controller:458] Skipping incremental update: full analysis artifacts not ready yet
[stderr] 2026-07-24 12:36:28 INFO     [codeboarding_pro.analysis_controller:279] No cached analysis results; skipping health report
[stderr] 2026-07-24 12:37:27 INFO     [watchfiles.main:308] 1 change detected
[stderr] 2026-07-24 12:37:28 WARNING  [codeboarding_pro.analysis_controller:458] Skipping incremental update: full analysis artifacts not ready yet
[stderr] 2026-07-24 12:37:28 INFO     [codeboarding_pro.analysis_controller:279] No cached analysis results; skipping health report
[stderr] 2026-07-24 12:37:34 INFO     [watchfiles.main:308] 1 change detected
[stderr] 2026-07-24 12:37:34 WARNING  [codeboarding_pro.analysis_controller:458] Skipping incremental update: full analysis artifacts not ready yet
[stderr] 2026-07-24 12:37:34 INFO     [codeboarding_pro.analysis_controller:279] No cached analysis results; skipping health report
[stderr] 2026-07-24 12:37:42 INFO     [watchfiles.main:308] 1 change detected
[stderr] 2026-07-24 12:37:43 WARNING  [codeboarding_pro.analysis_controller:458] Skipping incremental update: full analysis artifacts not ready yet
[stderr] 2026-07-24 12:37:43 INFO     [codeboarding_pro.analysis_controller:279] No cached analysis results; skipping health report
[stderr] 2026-07-24 12:37:54 INFO     [watchfiles.main:308] 1 change detected
[stderr] 2026-07-24 12:37:55 WARNING  [codeboarding_pro.analysis_controller:458] Skipping incremental update: full analysis artifacts not ready yet
[stderr] 2026-07-24 12:37:55 INFO     [codeboarding_pro.analysis_controller:279] No cached analysis results; skipping health report
[stderr] 2026-07-24 12:38:02 INFO     [watchfiles.main:308] 1 change detected
[stderr] 2026-07-24 12:38:03 WARNING  [codeboarding_pro.analysis_controller:458] Skipping incremental update: full analysis artifacts not ready yet
[stderr] 2026-07-24 12:38:03 INFO     [codeboarding_pro.analysis_controller:279] No cached analysis results; skipping health report
[stderr] 2026-07-24 12:38:22 INFO     [watchfiles.main:308] 1 change detected
[stderr] 2026-07-24 12:38:22 WARNING  [codeboarding_pro.analysis_controller:458] Skipping incremental update: full analysis artifacts not ready yet
[stderr] 2026-07-24 12:38:22 INFO     [codeboarding_pro.analysis_controller:279] No cached analysis results; skipping health report
[stderr] 2026-07-24 12:40:30 INFO     [watchfiles.main:308] 1 change detected
[stderr] 2026-07-24 12:40:30 WARNING  [codeboarding_pro.analysis_controller:458] Skipping incremental update: full analysis artifacts not ready yet
[stderr] 2026-07-24 12:40:30 INFO     [codeboarding_pro.analysis_controller:279] No cached analysis results; skipping health report
[stderr] 2026-07-24 12:40:33 INFO     [watchfiles.main:308] 1 change detected
[stderr] 2026-07-24 12:40:34 WARNING  [codeboarding_pro.analysis_controller:458] Skipping incremental update: full analysis artifacts not ready yet
[stderr] 2026-07-24 12:40:34 INFO     [codeboarding_pro.analysis_controller:279] No cached analysis results; skipping health report
[stderr] 2026-07-24 12:41:01 INFO     [watchfiles.main:308] 1 change detected
[stderr] 2026-07-24 12:41:01 WARNING  [codeboarding_pro.analysis_controller:458] Skipping incremental update: full analysis artifacts not ready yet
[stderr] 2026-07-24 12:41:01 INFO     [codeboarding_pro.analysis_controller:279] No cached analysis results; skipping health report
[stderr] 2026-07-24 12:41:23 INFO     [watchfiles.main:308] 1 change detected
[stderr] 2026-07-24 12:41:24 WARNING  [codeboarding_pro.analysis_controller:458] Skipping incremental update: full analysis artifacts not ready yet
[stderr] 2026-07-24 12:41:24 INFO     [codeboarding_pro.analysis_controller:279] No cached analysis results; skipping health report
[stderr] 2026-07-24 12:41:33 INFO     [watchfiles.main:308] 1 change detected
[stderr] 2026-07-24 12:41:34 WARNING  [codeboarding_pro.analysis_controller:458] Skipping incremental update: full analysis artifacts not ready yet
[stderr] 2026-07-24 12:41:34 INFO     [codeboarding_pro.analysis_controller:279] No cached analysis results; skipping health report
[stderr] 2026-07-24 12:41:37 INFO     [watchfiles.main:308] 1 change detected
[stderr] 2026-07-24 12:41:38 WARNING  [codeboarding_pro.analysis_controller:458] Skipping incremental update: full analysis artifacts not ready yet
[stderr] 2026-07-24 12:41:38 INFO     [codeboarding_pro.analysis_controller:279] No cached analysis results; skipping health report
[stderr] 2026-07-24 12:42:26 INFO     [watchfiles.main:308] 1 change detected
[stderr] 2026-07-24 12:42:26 WARNING  [codeboarding_pro.analysis_controller:458] Skipping incremental update: full analysis artifacts not ready yet
[stderr] 2026-07-24 12:42:26 INFO     [codeboarding_pro.analysis_controller:279] No cached analysis results; skipping health report
[stderr] 2026-07-24 12:42:50 INFO     [watchfiles.main:308] 1 change detected
[stderr] 2026-07-24 12:42:50 WARNING  [codeboarding_pro.analysis_controller:458] Skipping incremental update: full analysis artifacts not ready yet
[stderr] 2026-07-24 12:42:50 INFO     [codeboarding_pro.analysis_controller:279] No cached analysis results; skipping health report
[stderr] 2026-07-24 12:43:09 INFO     [watchfiles.main:308] 1 change detected
[stderr] 2026-07-24 12:43:09 WARNING  [codeboarding_pro.analysis_controller:458] Skipping incremental update: full analysis artifacts not ready yet
[stderr] 2026-07-24 12:43:09 INFO     [codeboarding_pro.analysis_controller:279] No cached analysis results; skipping health report
[stderr] 2026-07-24 12:43:47 INFO     [watchfiles.main:308] 1 change detected
[stderr] 2026-07-24 12:43:48 WARNING  [codeboarding_pro.analysis_controller:458] Skipping incremental update: full analysis artifacts not ready yet
[stderr] 2026-07-24 12:43:48 INFO     [codeboarding_pro.analysis_controller:279] No cached analysis results; skipping health report
[stderr] 2026-07-24 12:44:13 INFO     [watchfiles.main:308] 1 change detected
[stderr] 2026-07-24 12:44:13 WARNING  [codeboarding_pro.analysis_controller:458] Skipping incremental update: full analysis artifacts not ready yet
[stderr] 2026-07-24 12:44:13 INFO     [codeboarding_pro.analysis_controller:279] No cached analysis results; skipping health report
[stderr] 2026-07-24 12:44:59 INFO     [watchfiles.main:308] 1 change detected
[stderr] 2026-07-24 12:45:00 WARNING  [codeboarding_pro.analysis_controller:458] Skipping incremental update: full analysis artifacts not ready yet
[stderr] 2026-07-24 12:45:00 INFO     [codeboarding_pro.analysis_controller:279] No cached analysis results; skipping health report
[stderr] 2026-07-24 12:45:31 INFO     [watchfiles.main:308] 3 changes detected
[stderr] 2026-07-24 12:45:31 WARNING  [codeboarding_pro.analysis_controller:458] Skipping incremental update: full analysis artifacts not ready yet
[stderr] 2026-07-24 12:45:31 INFO     [codeboarding_pro.analysis_controller:279] No cached analysis results; skipping health report
[stderr] 2026-07-24 12:47:05 INFO     [watchfiles.main:308] 1 change detected
[stderr] 2026-07-24 12:47:05 WARNING  [codeboarding_pro.analysis_controller:458] Skipping incremental update: full analysis artifacts not ready yet
[stderr] 2026-07-24 12:47:05 INFO     [codeboarding_pro.analysis_controller:279] No cached analysis results; skipping health report
[stderr] 2026-07-24 13:09:20 INFO     [watchfiles.main:308] 1 change detected
[stderr] 2026-07-24 13:09:21 WARNING  [codeboarding_pro.analysis_controller:458] Skipping incremental update: full analysis artifacts not ready yet
[stderr] 2026-07-24 13:09:21 INFO     [codeboarding_pro.analysis_controller:279] No cached analysis results; skipping health report
[stderr] 2026-07-24 13:09:28 INFO     [watchfiles.main:308] 1 change detected
[stderr] 2026-07-24 13:09:28 WARNING  [codeboarding_pro.analysis_controller:458] Skipping incremental update: full analysis artifacts not ready yet
[stderr] 2026-07-24 13:09:28 INFO     [codeboarding_pro.analysis_controller:279] No cached analysis results; skipping health report
[stderr] 2026-07-24 13:09:33 INFO     [watchfiles.main:308] 1 change detected
[stderr] 2026-07-24 13:09:34 WARNING  [codeboarding_pro.analysis_controller:458] Skipping incremental update: full analysis artifacts not ready yet
[stderr] 2026-07-24 13:09:34 INFO     [codeboarding_pro.analysis_controller:279] No cached analysis results; skipping health report
[stderr] 2026-07-24 13:09:41 INFO     [watchfiles.main:308] 1 change detected
[stderr] 2026-07-24 13:09:41 WARNING  [codeboarding_pro.analysis_controller:458] Skipping incremental update: full analysis artifacts not ready yet
[stderr] 2026-07-24 13:09:41 INFO     [codeboarding_pro.analysis_controller:279] No cached analysis results; skipping health report
[stderr] 2026-07-24 13:09:48 INFO     [watchfiles.main:308] 1 change detected
[stderr] 2026-07-24 13:09:48 WARNING  [codeboarding_pro.analysis_controller:458] Skipping incremental update: full analysis artifacts not ready yet
[stderr] 2026-07-24 13:09:48 INFO     [codeboarding_pro.analysis_controller:279] No cached analysis results; skipping health report
[stderr] 2026-07-24 13:09:59 INFO     [watchfiles.main:308] 1 change detected
[stderr] 2026-07-24 13:10:00 WARNING  [codeboarding_pro.analysis_controller:458] Skipping incremental update: full analysis artifacts not ready yet
[stderr] 2026-07-24 13:10:00 INFO     [codeboarding_pro.analysis_controller:279] No cached analysis results; skipping health report
[stderr] 2026-07-24 13:10:21 INFO     [watchfiles.main:308] 1 change detected
[stderr] 2026-07-24 13:10:22 WARNING  [codeboarding_pro.analysis_controller:458] Skipping incremental update: full analysis artifacts not ready yet
[stderr] 2026-07-24 13:10:22 INFO     [codeboarding_pro.analysis_controller:279] No cached analysis results; skipping health report
[stderr] 2026-07-24 13:10:38 INFO     [watchfiles.main:308] 1 change detected
[stderr] 2026-07-24 13:10:39 WARNING  [codeboarding_pro.analysis_controller:458] Skipping incremental update: full analysis artifacts not ready yet
[stderr] 2026-07-24 13:10:39 INFO     [codeboarding_pro.analysis_controller:279] No cached analysis results; skipping health report
[stderr] 2026-07-24 13:10:43 INFO     [watchfiles.main:308] 1 change detected
[stderr] 2026-07-24 13:10:43 WARNING  [codeboarding_pro.analysis_controller:458] Skipping incremental update: full analysis artifacts not ready yet
[stderr] 2026-07-24 13:10:43 INFO     [codeboarding_pro.analysis_controller:279] No cached analysis results; skipping health report
[stderr] 2026-07-24 13:11:08 INFO     [watchfiles.main:308] 1 change detected
[stderr] 2026-07-24 13:11:09 WARNING  [codeboarding_pro.analysis_controller:458] Skipping incremental update: full analysis artifacts not ready yet
[stderr] 2026-07-24 13:11:09 INFO     [codeboarding_pro.analysis_controller:279] No cached analysis results; skipping health report
[stderr] 2026-07-24 13:12:02 INFO     [watchfiles.main:308] 1 change detected
[stderr] 2026-07-24 13:12:02 WARNING  [codeboarding_pro.analysis_controller:458] Skipping incremental update: full analysis artifacts not ready yet
[stderr] 2026-07-24 13:12:02 INFO     [codeboarding_pro.analysis_controller:279] No cached analysis results; skipping health report
[stderr] 2026-07-24 13:15:07 INFO     [watchfiles.main:308] 1 change detected
[stderr] 2026-07-24 13:15:08 WARNING  [codeboarding_pro.analysis_controller:458] Skipping incremental update: full analysis artifacts not ready yet
[stderr] 2026-07-24 13:15:08 INFO     [codeboarding_pro.analysis_controller:279] No cached analysis results; skipping health report
[stderr] 2026-07-24 13:15:08 INFO     [watchfiles.main:308] 1 change detected
[stderr] 2026-07-24 13:15:09 WARNING  [codeboarding_pro.analysis_controller:458] Skipping incremental update: full analysis artifacts not ready yet
[stderr] 2026-07-24 13:15:09 INFO     [codeboarding_pro.analysis_controller:279] No cached analysis results; skipping health report
[stderr] 2026-07-24 13:15:24 INFO     [watchfiles.main:308] 1 change detected
[stderr] 2026-07-24 13:15:24 WARNING  [codeboarding_pro.analysis_controller:458] Skipping incremental update: full analysis artifacts not ready yet
[stderr] 2026-07-24 13:15:24 INFO     [codeboarding_pro.analysis_controller:279] No cached analysis results; skipping health report
[stderr] 2026-07-24 13:15:40 INFO     [watchfiles.main:308] 1 change detected
[stderr] 2026-07-24 13:15:40 WARNING  [codeboarding_pro.analysis_controller:458] Skipping incremental update: full analysis artifacts not ready yet
[stderr] 2026-07-24 13:15:40 INFO     [codeboarding_pro.analysis_controller:279] No cached analysis results; skipping health report
[stderr] 2026-07-24 13:15:49 INFO     [watchfiles.main:308] 1 change detected
[stderr] 2026-07-24 13:15:49 WARNING  [codeboarding_pro.analysis_controller:458] Skipping incremental update: full analysis artifacts not ready yet
[stderr] 2026-07-24 13:15:49 INFO     [codeboarding_pro.analysis_controller:279] No cached analysis results; skipping health report
[stderr] 2026-07-24 13:15:57 INFO     [watchfiles.main:308] 1 change detected
[stderr] 2026-07-24 13:15:57 WARNING  [codeboarding_pro.analysis_controller:458] Skipping incremental update: full analysis artifacts not ready yet
[stderr] 2026-07-24 13:15:57 INFO     [codeboarding_pro.analysis_controller:279] No cached analysis results; skipping health report
[stderr] 2026-07-24 13:16:00 INFO     [watchfiles.main:308] 1 change detected
[stderr] 2026-07-24 13:16:01 WARNING  [codeboarding_pro.analysis_controller:458] Skipping incremental update: full analysis artifacts not ready yet
[stderr] 2026-07-24 13:16:01 INFO     [codeboarding_pro.analysis_controller:279] No cached analysis results; skipping health report
[stderr] 2026-07-24 13:16:05 INFO     [watchfiles.main:308] 1 change detected
[stderr] 2026-07-24 13:16:06 WARNING  [codeboarding_pro.analysis_controller:458] Skipping incremental update: full analysis artifacts not ready yet
[stderr] 2026-07-24 13:16:06 INFO     [codeboarding_pro.analysis_controller:279] No cached analysis results; skipping health report
[stderr] 2026-07-24 13:16:13 INFO     [watchfiles.main:308] 1 change detected
[stderr] 2026-07-24 13:16:13 WARNING  [codeboarding_pro.analysis_controller:458] Skipping incremental update: full analysis artifacts not ready yet
[stderr] 2026-07-24 13:16:13 INFO     [codeboarding_pro.analysis_controller:279] No cached analysis results; skipping health report
[stderr] 2026-07-24 13:16:17 INFO     [watchfiles.main:308] 1 change detected
[stderr] 2026-07-24 13:16:17 WARNING  [codeboarding_pro.analysis_controller:458] Skipping incremental update: full analysis artifacts not ready yet
[stderr] 2026-07-24 13:16:17 INFO     [codeboarding_pro.analysis_controller:279] No cached analysis results; skipping health report
[stderr] 2026-07-24 13:16:23 INFO     [watchfiles.main:308] 1 change detected
[stderr] 2026-07-24 13:16:24 WARNING  [codeboarding_pro.analysis_controller:458] Skipping incremental update: full analysis artifacts not ready yet
[stderr] 2026-07-24 13:16:24 INFO     [codeboarding_pro.analysis_controller:279] No cached analysis results; skipping health report
[stderr] 2026-07-24 13:16:42 INFO     [watchfiles.main:308] 1 change detected
[stderr] 2026-07-24 13:16:42 WARNING  [codeboarding_pro.analysis_controller:458] Skipping incremental update: full analysis artifacts not ready yet
[stderr] 2026-07-24 13:16:42 INFO     [codeboarding_pro.analysis_controller:279] No cached analysis results; skipping health report
[stderr] 2026-07-24 13:20:20 INFO     [watchfiles.main:308] 1 change detected
[stderr] 2026-07-24 13:20:21 WARNING  [codeboarding_pro.analysis_controller:458] Skipping incremental update: full analysis artifacts not ready yet
[stderr] 2026-07-24 13:20:21 INFO     [codeboarding_pro.analysis_controller:279] No cached analysis results; skipping health report
[stderr] 2026-07-24 13:21:03 INFO     [watchfiles.main:308] 1 change detected
[stderr] 2026-07-24 13:21:03 WARNING  [codeboarding_pro.analysis_controller:458] Skipping incremental update: full analysis artifacts not ready yet
[stderr] 2026-07-24 13:21:03 INFO     [codeboarding_pro.analysis_controller:279] No cached analysis results; skipping health report
[stderr] 2026-07-24 13:21:10 INFO     [watchfiles.main:308] 1 change detected
[stderr] 2026-07-24 13:21:11 WARNING  [codeboarding_pro.analysis_controller:458] Skipping incremental update: full analysis artifacts not ready yet
[stderr] 2026-07-24 13:21:11 INFO     [codeboarding_pro.analysis_controller:279] No cached analysis results; skipping health report
[stderr] 2026-07-24 13:21:25 INFO     [watchfiles.main:308] 1 change detected
[stderr] 2026-07-24 13:21:26 WARNING  [codeboarding_pro.analysis_controller:458] Skipping incremental update: full analysis artifacts not ready yet
[stderr] 2026-07-24 13:21:26 INFO     [codeboarding_pro.analysis_controller:279] No cached analysis results; skipping health report
[stderr] 2026-07-24 13:21:39 INFO     [watchfiles.main:308] 1 change detected
[stderr] 2026-07-24 13:21:39 WARNING  [codeboarding_pro.analysis_controller:458] Skipping incremental update: full analysis artifacts not ready yet
[stderr] 2026-07-24 13:21:39 INFO     [codeboarding_pro.analysis_controller:279] No cached analysis results; skipping health report
[stderr] 2026-07-24 13:21:49 INFO     [watchfiles.main:308] 1 change detected
[stderr] 2026-07-24 13:21:50 WARNING  [codeboarding_pro.analysis_controller:458] Skipping incremental update: full analysis artifacts not ready yet
[stderr] 2026-07-24 13:21:50 INFO     [codeboarding_pro.analysis_controller:279] No cached analysis results; skipping health report
[stderr] 2026-07-24 13:22:43 INFO     [watchfiles.main:308] 1 change detected
[stderr] 2026-07-24 13:22:44 WARNING  [codeboarding_pro.analysis_controller:458] Skipping incremental update: full analysis artifacts not ready yet
[stderr] 2026-07-24 13:22:44 INFO     [codeboarding_pro.analysis_controller:279] No cached analysis results; skipping health report
[stderr] 2026-07-24 13:22:49 INFO     [watchfiles.main:308] 1 change detected
[stderr] 2026-07-24 13:22:50 WARNING  [codeboarding_pro.analysis_controller:458] Skipping incremental update: full analysis artifacts not ready yet
[stderr] 2026-07-24 13:22:50 INFO     [codeboarding_pro.analysis_controller:279] No cached analysis results; skipping health report
[stderr] 2026-07-24 13:22:55 INFO     [watchfiles.main:308] 1 change detected
[stderr] 2026-07-24 13:22:55 WARNING  [codeboarding_pro.analysis_controller:458] Skipping incremental update: full analysis artifacts not ready yet
[stderr] 2026-07-24 13:22:55 INFO     [codeboarding_pro.analysis_controller:279] No cached analysis results; skipping health report
[stderr] 2026-07-24 13:23:00 INFO     [watchfiles.main:308] 1 change detected
[stderr] 2026-07-24 13:23:00 WARNING  [codeboarding_pro.analysis_controller:458] Skipping incremental update: full analysis artifacts not ready yet
[stderr] 2026-07-24 13:23:00 INFO     [codeboarding_pro.analysis_controller:279] No cached analysis results; skipping health report
[stderr] 2026-07-24 13:23:07 INFO     [watchfiles.main:308] 1 change detected
[stderr] 2026-07-24 13:23:08 WARNING  [codeboarding_pro.analysis_controller:458] Skipping incremental update: full analysis artifacts not ready yet
[stderr] 2026-07-24 13:23:08 INFO     [codeboarding_pro.analysis_controller:279] No cached analysis results; skipping health report
[stderr] 2026-07-24 13:23:17 INFO     [watchfiles.main:308] 1 change detected
[stderr] 2026-07-24 13:23:17 WARNING  [codeboarding_pro.analysis_controller:458] Skipping incremental update: full analysis artifacts not ready yet
[stderr] 2026-07-24 13:23:17 INFO     [codeboarding_pro.analysis_controller:279] No cached analysis results; skipping health report
[stderr] 2026-07-24 13:23:21 INFO     [watchfiles.main:308] 1 change detected
[stderr] 2026-07-24 13:23:21 WARNING  [codeboarding_pro.analysis_controller:458] Skipping incremental update: full analysis artifacts not ready yet
[stderr] 2026-07-24 13:23:21 INFO     [codeboarding_pro.analysis_controller:279] No cached analysis results; skipping health report
[stderr] 2026-07-24 13:24:01 INFO     [watchfiles.main:308] 1 change detected
[stderr] 2026-07-24 13:24:02 WARNING  [codeboarding_pro.analysis_controller:458] Skipping incremental update: full analysis artifacts not ready yet
[stderr] 2026-07-24 13:24:02 INFO     [codeboarding_pro.analysis_controller:279] No cached analysis results; skipping health report
[stderr] 2026-07-24 13:24:14 INFO     [watchfiles.main:308] 1 change detected
[stderr] 2026-07-24 13:24:14 WARNING  [codeboarding_pro.analysis_controller:458] Skipping incremental update: full analysis artifacts not ready yet
[stderr] 2026-07-24 13:24:14 INFO     [codeboarding_pro.analysis_controller:279] No cached analysis results; skipping health report
[stderr] 2026-07-24 13:24:20 INFO     [watchfiles.main:308] 1 change detected
[stderr] 2026-07-24 13:24:21 WARNING  [codeboarding_pro.analysis_controller:458] Skipping incremental update: full analysis artifacts not ready yet
[stderr] 2026-07-24 13:24:21 INFO     [codeboarding_pro.analysis_controller:279] No cached analysis results; skipping health report
[stderr] 2026-07-24 13:24:35 INFO     [watchfiles.main:308] 1 change detected
[stderr] 2026-07-24 13:24:36 WARNING  [codeboarding_pro.analysis_controller:458] Skipping incremental update: full analysis artifacts not ready yet
[stderr] 2026-07-24 13:24:36 INFO     [codeboarding_pro.analysis_controller:279] No cached analysis results; skipping health report
[stderr] 2026-07-24 13:25:48 INFO     [watchfiles.main:308] 1 change detected
[stderr] 2026-07-24 13:25:49 WARNING  [codeboarding_pro.analysis_controller:458] Skipping incremental update: full analysis artifacts not ready yet
[stderr] 2026-07-24 13:25:49 INFO     [codeboarding_pro.analysis_controller:279] No cached analysis results; skipping health report
[stderr] 2026-07-24 13:25:57 INFO     [watchfiles.main:308] 1 change detected
[stderr] 2026-07-24 13:25:57 WARNING  [codeboarding_pro.analysis_controller:458] Skipping incremental update: full analysis artifacts not ready yet
[stderr] 2026-07-24 13:25:57 INFO     [codeboarding_pro.analysis_controller:279] No cached analysis results; skipping health report
[stderr] 2026-07-24 13:26:08 INFO     [watchfiles.main:308] 1 change detected
[stderr] 2026-07-24 13:26:08 WARNING  [codeboarding_pro.analysis_controller:458] Skipping incremental update: full analysis artifacts not ready yet
[stderr] 2026-07-24 13:26:08 INFO     [codeboarding_pro.analysis_controller:279] No cached analysis results; skipping health report
[stderr] 2026-07-24 13:26:14 INFO     [watchfiles.main:308] 1 change detected
[stderr] 2026-07-24 13:26:15 WARNING  [codeboarding_pro.analysis_controller:458] Skipping incremental update: full analysis artifacts not ready yet
[stderr] 2026-07-24 13:26:15 INFO     [codeboarding_pro.analysis_controller:279] No cached analysis results; skipping health report
[stderr] 2026-07-24 13:26:19 INFO     [watchfiles.main:308] 1 change detected
[stderr] 2026-07-24 13:26:19 WARNING  [codeboarding_pro.analysis_controller:458] Skipping incremental update: full analysis artifacts not ready yet
[stderr] 2026-07-24 13:26:19 INFO     [codeboarding_pro.analysis_controller:279] No cached analysis results; skipping health report
[stderr] 2026-07-24 13:26:24 INFO     [watchfiles.main:308] 1 change detected
[stderr] 2026-07-24 13:26:24 WARNING  [codeboarding_pro.analysis_controller:458] Skipping incremental update: full analysis artifacts not ready yet
[stderr] 2026-07-24 13:26:24 INFO     [codeboarding_pro.analysis_controller:279] No cached analysis results; skipping health report
[stderr] 2026-07-24 13:26:29 INFO     [watchfiles.main:308] 1 change detected
[stderr] 2026-07-24 13:26:29 WARNING  [codeboarding_pro.analysis_controller:458] Skipping incremental update: full analysis artifacts not ready yet
[stderr] 2026-07-24 13:26:29 INFO     [codeboarding_pro.analysis_controller:279] No cached analysis results; skipping health report
[stderr] 2026-07-24 13:26:58 INFO     [watchfiles.main:308] 1 change detected
[stderr] 2026-07-24 13:26:58 WARNING  [codeboarding_pro.analysis_controller:458] Skipping incremental update: full analysis artifacts not ready yet
[stderr] 2026-07-24 13:26:58 INFO     [codeboarding_pro.analysis_controller:279] No cached analysis results; skipping health report
[stderr] 2026-07-24 13:28:03 INFO     [watchfiles.main:308] 1 change detected
[stderr] 2026-07-24 13:28:04 WARNING  [codeboarding_pro.analysis_controller:458] Skipping incremental update: full analysis artifacts not ready yet
[stderr] 2026-07-24 13:28:04 INFO     [codeboarding_pro.analysis_controller:279] No cached analysis results; skipping health report
[stderr] 2026-07-24 13:28:24 INFO     [watchfiles.main:308] 1 change detected
[stderr] 2026-07-24 13:28:25 WARNING  [codeboarding_pro.analysis_controller:458] Skipping incremental update: full analysis artifacts not ready yet
[stderr] 2026-07-24 13:28:25 INFO     [codeboarding_pro.analysis_controller:279] No cached analysis results; skipping health report
[stderr] 2026-07-24 13:28:36 INFO     [watchfiles.main:308] 1 change detected
[stderr] 2026-07-24 13:28:36 WARNING  [codeboarding_pro.analysis_controller:458] Skipping incremental update: full analysis artifacts not ready yet
[stderr] 2026-07-24 13:28:36 INFO     [codeboarding_pro.analysis_controller:279] No cached analysis results; skipping health report
[stderr] 2026-07-24 13:28:42 INFO     [watchfiles.main:308] 1 change detected
[stderr] 2026-07-24 13:28:42 WARNING  [codeboarding_pro.analysis_controller:458] Skipping incremental update: full analysis artifacts not ready yet
[stderr] 2026-07-24 13:28:42 INFO     [codeboarding_pro.analysis_controller:279] No cached analysis results; skipping health report
[stderr] 2026-07-24 13:28:50 INFO     [watchfiles.main:308] 1 change detected
[stderr] 2026-07-24 13:28:50 WARNING  [codeboarding_pro.analysis_controller:458] Skipping incremental update: full analysis artifacts not ready yet
[stderr] 2026-07-24 13:28:51 INFO     [codeboarding_pro.analysis_controller:279] No cached analysis results; skipping health report
[stderr] 2026-07-24 13:29:37 INFO     [watchfiles.main:308] 1 change detected
[stderr] 2026-07-24 13:29:37 WARNING  [codeboarding_pro.analysis_controller:458] Skipping incremental update: full analysis artifacts not ready yet
[stderr] 2026-07-24 13:29:37 INFO     [codeboarding_pro.analysis_controller:279] No cached analysis results; skipping health report
[stderr] 2026-07-24 13:30:04 INFO     [watchfiles.main:308] 1 change detected
[stderr] 2026-07-24 13:30:04 WARNING  [codeboarding_pro.analysis_controller:458] Skipping incremental update: full analysis artifacts not ready yet
[stderr] 2026-07-24 13:30:04 INFO     [codeboarding_pro.analysis_controller:279] No cached analysis results; skipping health report
[stderr] 2026-07-24 13:30:24 INFO     [watchfiles.main:308] 1 change detected
[stderr] 2026-07-24 13:30:25 WARNING  [codeboarding_pro.analysis_controller:458] Skipping incremental update: full analysis artifacts not ready yet
[stderr] 2026-07-24 13:30:25 INFO     [codeboarding_pro.analysis_controller:279] No cached analysis results; skipping health report
[stderr] 2026-07-24 13:31:09 INFO     [watchfiles.main:308] 1 change detected
[stderr] 2026-07-24 13:31:09 WARNING  [codeboarding_pro.analysis_controller:458] Skipping incremental update: full analysis artifacts not ready yet
[stderr] 2026-07-24 13:31:09 INFO     [codeboarding_pro.analysis_controller:279] No cached analysis results; skipping health report
[stderr] 2026-07-24 13:31:31 INFO     [watchfiles.main:308] 2 changes detected
[stderr] 2026-07-24 13:31:32 WARNING  [codeboarding_pro.analysis_controller:458] Skipping incremental update: full analysis artifacts not ready yet
[stderr] 2026-07-24 13:31:32 INFO     [codeboarding_pro.analysis_controller:279] No cached analysis results; skipping health report
[stderr] 2026-07-24 13:32:02 INFO     [watchfiles.main:308] 2 changes detected
[stderr] 2026-07-24 13:32:03 WARNING  [codeboarding_pro.analysis_controller:458] Skipping incremental update: full analysis artifacts not ready yet
[stderr] 2026-07-24 13:32:03 INFO     [codeboarding_pro.analysis_controller:279] No cached analysis results; skipping health report
[stderr] 2026-07-24 13:32:23 INFO     [watchfiles.main:308] 1 change detected
[stderr] 2026-07-24 13:32:23 WARNING  [codeboarding_pro.analysis_controller:458] Skipping incremental update: full analysis artifacts not ready yet
[stderr] 2026-07-24 13:32:23 INFO     [codeboarding_pro.analysis_controller:279] No cached analysis results; skipping health report
[stderr] 2026-07-24 13:32:54 INFO     [watchfiles.main:308] 1 change detected
[stderr] 2026-07-24 13:32:54 WARNING  [codeboarding_pro.analysis_controller:458] Skipping incremental update: full analysis artifacts not ready yet
[stderr] 2026-07-24 13:32:54 INFO     [codeboarding_pro.analysis_controller:279] No cached analysis results; skipping health report
[stderr] 2026-07-24 13:33:39 INFO     [watchfiles.main:308] 1 change detected
[stderr] 2026-07-24 13:33:39 WARNING  [codeboarding_pro.analysis_controller:458] Skipping incremental update: full analysis artifacts not ready yet
[stderr] 2026-07-24 13:33:39 INFO     [codeboarding_pro.analysis_controller:279] No cached analysis results; skipping health report
[stderr] 2026-07-24 13:35:48 INFO     [watchfiles.main:308] 1 change detected
[stderr] 2026-07-24 13:35:49 WARNING  [codeboarding_pro.analysis_controller:458] Skipping incremental update: full analysis artifacts not ready yet
[stderr] 2026-07-24 13:35:49 INFO     [codeboarding_pro.analysis_controller:279] No cached analysis results; skipping health report
[stderr] 2026-07-24 13:37:22 INFO     [watchfiles.main:308] 1 change detected
[stderr] 2026-07-24 13:37:23 WARNING  [codeboarding_pro.analysis_controller:458] Skipping incremental update: full analysis artifacts not ready yet
[stderr] 2026-07-24 13:37:23 INFO     [codeboarding_pro.analysis_controller:279] No cached analysis results; skipping health report
[stderr] 2026-07-24 13:37:40 INFO     [watchfiles.main:308] 1 change detected
[stderr] 2026-07-24 13:37:41 WARNING  [codeboarding_pro.analysis_controller:458] Skipping incremental update: full analysis artifacts not ready yet
[stderr] 2026-07-24 13:37:41 INFO     [codeboarding_pro.analysis_controller:279] No cached analysis results; skipping health report
[stderr] 2026-07-24 13:38:02 INFO     [watchfiles.main:308] 1 change detected
[stderr] 2026-07-24 13:38:02 WARNING  [codeboarding_pro.analysis_controller:458] Skipping incremental update: full analysis artifacts not ready yet
[stderr] 2026-07-24 13:38:02 INFO     [codeboarding_pro.analysis_controller:279] No cached analysis results; skipping health report
[stderr] 2026-07-24 13:38:27 INFO     [watchfiles.main:308] 1 change detected
[stderr] 2026-07-24 13:38:28 WARNING  [codeboarding_pro.analysis_controller:458] Skipping incremental update: full analysis artifacts not ready yet
[stderr] 2026-07-24 13:38:28 INFO     [codeboarding_pro.analysis_controller:279] No cached analysis results; skipping health report
[stderr] 2026-07-24 13:39:26 INFO     [watchfiles.main:308] 1 change detected
[stderr] 2026-07-24 13:39:27 WARNING  [codeboarding_pro.analysis_controller:458] Skipping incremental update: full analysis artifacts not ready yet
[stderr] 2026-07-24 13:39:27 INFO     [codeboarding_pro.analysis_controller:279] No cached analysis results; skipping health report
[stderr] 2026-07-24 13:39:31 INFO     [watchfiles.main:308] 1 change detected
[stderr] 2026-07-24 13:39:32 WARNING  [codeboarding_pro.analysis_controller:458] Skipping incremental update: full analysis artifacts not ready yet
[stderr] 2026-07-24 13:39:32 INFO     [codeboarding_pro.analysis_controller:279] No cached analysis results; skipping health report
[stderr] 2026-07-24 13:39:52 INFO     [watchfiles.main:308] 1 change detected
[stderr] 2026-07-24 13:39:53 WARNING  [codeboarding_pro.analysis_controller:458] Skipping incremental update: full analysis artifacts not ready yet
[stderr] 2026-07-24 13:39:53 INFO     [codeboarding_pro.analysis_controller:279] No cached analysis results; skipping health report
[stderr] 2026-07-24 13:40:12 INFO     [watchfiles.main:308] 1 change detected
[stderr] 2026-07-24 13:40:12 WARNING  [codeboarding_pro.analysis_controller:458] Skipping incremental update: full analysis artifacts not ready yet
[stderr] 2026-07-24 13:40:12 INFO     [codeboarding_pro.analysis_controller:279] No cached analysis results; skipping health report
[stderr] 2026-07-24 13:40:45 INFO     [watchfiles.main:308] 1 change detected
[stderr] 2026-07-24 13:40:45 WARNING  [codeboarding_pro.analysis_controller:458] Skipping incremental update: full analysis artifacts not ready yet
[stderr] 2026-07-24 13:40:45 INFO     [codeboarding_pro.analysis_controller:279] No cached analysis results; skipping health report
[stderr] 2026-07-24 13:41:33 INFO     [watchfiles.main:308] 1 change detected
[stderr] 2026-07-24 13:41:33 WARNING  [codeboarding_pro.analysis_controller:458] Skipping incremental update: full analysis artifacts not ready yet
[stderr] 2026-07-24 13:41:33 INFO     [codeboarding_pro.analysis_controller:279] No cached analysis results; skipping health report
[stderr] 2026-07-24 13:42:20 INFO     [watchfiles.main:308] 3 changes detected
[stderr] 2026-07-24 13:42:21 WARNING  [codeboarding_pro.analysis_controller:458] Skipping incremental update: full analysis artifacts not ready yet
[stderr] 2026-07-24 13:42:21 INFO     [codeboarding_pro.analysis_controller:279] No cached analysis results; skipping health report
[stderr] 2026-07-24 13:42:48 INFO     [watchfiles.main:308] 3 changes detected
[stderr] 2026-07-24 13:42:48 WARNING  [codeboarding_pro.analysis_controller:458] Skipping incremental update: full analysis artifacts not ready yet
[stderr] 2026-07-24 13:42:48 INFO     [codeboarding_pro.analysis_controller:279] No cached analysis results; skipping health report
[stderr] 2026-07-24 13:43:17 INFO     [watchfiles.main:308] 3 changes detected
[stderr] 2026-07-24 13:43:18 WARNING  [codeboarding_pro.analysis_controller:458] Skipping incremental update: full analysis artifacts not ready yet
[stderr] 2026-07-24 13:43:18 INFO     [codeboarding_pro.analysis_controller:279] No cached analysis results; skipping health report
[stderr] 2026-07-24 13:43:57 INFO     [watchfiles.main:308] 1 change detected
[stderr] 2026-07-24 13:43:57 WARNING  [codeboarding_pro.analysis_controller:458] Skipping incremental update: full analysis artifacts not ready yet
[stderr] 2026-07-24 13:43:57 INFO     [codeboarding_pro.analysis_controller:279] No cached analysis results; skipping health report
[stderr] 2026-07-24 13:46:39 INFO     [watchfiles.main:308] 1 change detected
[stderr] 2026-07-24 13:46:40 WARNING  [codeboarding_pro.analysis_controller:458] Skipping incremental update: full analysis artifacts not ready yet
[stderr] 2026-07-24 13:46:40 INFO     [codeboarding_pro.analysis_controller:279] No cached analysis results; skipping health report
[stderr] 2026-07-24 13:46:47 INFO     [watchfiles.main:308] 1 change detected
[stderr] 2026-07-24 13:46:48 WARNING  [codeboarding_pro.analysis_controller:458] Skipping incremental update: full analysis artifacts not ready yet
[stderr] 2026-07-24 13:46:48 INFO     [codeboarding_pro.analysis_controller:279] No cached analysis results; skipping health report
[stderr] 2026-07-24 13:58:50 INFO     [watchfiles.main:308] 1 change detected
[stderr] 2026-07-24 13:58:51 WARNING  [codeboarding_pro.analysis_controller:458] Skipping incremental update: full analysis artifacts not ready yet
[stderr] 2026-07-24 13:58:51 INFO     [codeboarding_pro.analysis_controller:279] No cached analysis results; skipping health report
[stderr] 2026-07-24 13:58:54 INFO     [watchfiles.main:308] 1 change detected
[stderr] 2026-07-24 13:58:54 WARNING  [codeboarding_pro.analysis_controller:458] Skipping incremental update: full analysis artifacts not ready yet
[stderr] 2026-07-24 13:58:54 INFO     [codeboarding_pro.analysis_controller:279] No cached analysis results; skipping health report
[stderr] 2026-07-24 13:58:57 INFO     [watchfiles.main:308] 1 change detected
[stderr] 2026-07-24 13:58:57 WARNING  [codeboarding_pro.analysis_controller:458] Skipping incremental update: full analysis artifacts not ready yet
[stderr] 2026-07-24 13:58:57 INFO     [codeboarding_pro.analysis_controller:279] No cached analysis results; skipping health report
[stderr] 2026-07-24 13:59:00 INFO     [watchfiles.main:308] 1 change detected
[stderr] 2026-07-24 13:59:00 WARNING  [codeboarding_pro.analysis_controller:458] Skipping incremental update: full analysis artifacts not ready yet
[stderr] 2026-07-24 13:59:00 INFO     [codeboarding_pro.analysis_controller:279] No cached analysis results; skipping health report
[stderr] 2026-07-24 13:59:18 INFO     [watchfiles.main:308] 1 change detected
[stderr] 2026-07-24 13:59:19 WARNING  [codeboarding_pro.analysis_controller:458] Skipping incremental update: full analysis artifacts not ready yet
[stderr] 2026-07-24 13:59:19 INFO     [codeboarding_pro.analysis_controller:279] No cached analysis results; skipping health report
[stderr] 2026-07-24 13:59:24 INFO     [watchfiles.main:308] 1 change detected
[stderr] 2026-07-24 13:59:24 WARNING  [codeboarding_pro.analysis_controller:458] Skipping incremental update: full analysis artifacts not ready yet
[stderr] 2026-07-24 13:59:24 INFO     [codeboarding_pro.analysis_controller:279] No cached analysis results; skipping health report
[stderr] 2026-07-24 13:59:34 INFO     [watchfiles.main:308] 1 change detected
[stderr] 2026-07-24 13:59:34 WARNING  [codeboarding_pro.analysis_controller:458] Skipping incremental update: full analysis artifacts not ready yet
[stderr] 2026-07-24 13:59:34 INFO     [codeboarding_pro.analysis_controller:279] No cached analysis results; skipping health report
[stderr] 2026-07-24 13:59:46 INFO     [watchfiles.main:308] 1 change detected
[stderr] 2026-07-24 13:59:46 WARNING  [codeboarding_pro.analysis_controller:458] Skipping incremental update: full analysis artifacts not ready yet
[stderr] 2026-07-24 13:59:46 INFO     [codeboarding_pro.analysis_controller:279] No cached analysis results; skipping health report
[stderr] 2026-07-24 13:59:49 INFO     [watchfiles.main:308] 1 change detected
[stderr] 2026-07-24 13:59:50 WARNING  [codeboarding_pro.analysis_controller:458] Skipping incremental update: full analysis artifacts not ready yet
[stderr] 2026-07-24 13:59:50 INFO     [codeboarding_pro.analysis_controller:279] No cached analysis results; skipping health report
[stderr] 2026-07-24 14:00:37 INFO     [watchfiles.main:308] 1 change detected
[stderr] 2026-07-24 14:00:38 WARNING  [codeboarding_pro.analysis_controller:458] Skipping incremental update: full analysis artifacts not ready yet
[stderr] 2026-07-24 14:00:38 INFO     [codeboarding_pro.analysis_controller:279] No cached analysis results; skipping health report
[stderr] 2026-07-24 14:00:48 INFO     [watchfiles.main:308] 1 change detected
[stderr] 2026-07-24 14:00:49 WARNING  [codeboarding_pro.analysis_controller:458] Skipping incremental update: full analysis artifacts not ready yet
[stderr] 2026-07-24 14:00:49 INFO     [codeboarding_pro.analysis_controller:279] No cached analysis results; skipping health report
[stderr] 2026-07-24 14:00:56 INFO     [watchfiles.main:308] 1 change detected
[stderr] 2026-07-24 14:00:57 WARNING  [codeboarding_pro.analysis_controller:458] Skipping incremental update: full analysis artifacts not ready yet
[stderr] 2026-07-24 14:00:57 INFO     [codeboarding_pro.analysis_controller:279] No cached analysis results; skipping health report
[stderr] 2026-07-24 14:01:03 INFO     [watchfiles.main:308] 1 change detected
[stderr] 2026-07-24 14:01:04 WARNING  [codeboarding_pro.analysis_controller:458] Skipping incremental update: full analysis artifacts not ready yet
[stderr] 2026-07-24 14:01:04 INFO     [codeboarding_pro.analysis_controller:279] No cached analysis results; skipping health report
[stderr] 2026-07-24 14:02:02 INFO     [watchfiles.main:308] 1 change detected
[stderr] 2026-07-24 14:02:02 WARNING  [codeboarding_pro.analysis_controller:458] Skipping incremental update: full analysis artifacts not ready yet
[stderr] 2026-07-24 14:02:02 INFO     [codeboarding_pro.analysis_controller:279] No cached analysis results; skipping health report
[stderr] 2026-07-24 14:02:09 INFO     [watchfiles.main:308] 1 change detected
[stderr] 2026-07-24 14:02:10 WARNING  [codeboarding_pro.analysis_controller:458] Skipping incremental update: full analysis artifacts not ready yet
[stderr] 2026-07-24 14:02:10 INFO     [codeboarding_pro.analysis_controller:279] No cached analysis results; skipping health report
[stderr] 2026-07-24 14:02:20 INFO     [watchfiles.main:308] 1 change detected
[stderr] 2026-07-24 14:02:21 WARNING  [codeboarding_pro.analysis_controller:458] Skipping incremental update: full analysis artifacts not ready yet
[stderr] 2026-07-24 14:02:21 INFO     [codeboarding_pro.analysis_controller:279] No cached analysis results; skipping health report
[stderr] 2026-07-24 14:02:53 INFO     [watchfiles.main:308] 1 change detected
[stderr] 2026-07-24 14:02:53 WARNING  [codeboarding_pro.analysis_controller:458] Skipping incremental update: full analysis artifacts not ready yet
[stderr] 2026-07-24 14:02:53 INFO     [codeboarding_pro.analysis_controller:279] No cached analysis results; skipping health report
[stderr] 2026-07-24 14:03:11 INFO     [watchfiles.main:308] 1 change detected
[stderr] 2026-07-24 14:03:12 WARNING  [codeboarding_pro.analysis_controller:458] Skipping incremental update: full analysis artifacts not ready yet
[stderr] 2026-07-24 14:03:12 INFO     [codeboarding_pro.analysis_controller:279] No cached analysis results; skipping health report
[stderr] 2026-07-24 14:04:43 INFO     [watchfiles.main:308] 1 change detected
[stderr] 2026-07-24 14:04:44 WARNING  [codeboarding_pro.analysis_controller:458] Skipping incremental update: full analysis artifacts not ready yet
[stderr] 2026-07-24 14:04:44 INFO     [codeboarding_pro.analysis_controller:279] No cached analysis results; skipping health report
[stderr] 2026-07-24 14:05:34 INFO     [watchfiles.main:308] 1 change detected
[stderr] 2026-07-24 14:05:35 WARNING  [codeboarding_pro.analysis_controller:458] Skipping incremental update: full analysis artifacts not ready yet
[stderr] 2026-07-24 14:05:35 INFO     [codeboarding_pro.analysis_controller:279] No cached analysis results; skipping health report
[stderr] 2026-07-24 14:07:53 INFO     [watchfiles.main:308] 1 change detected
[stderr] 2026-07-24 14:07:53 WARNING  [codeboarding_pro.analysis_controller:458] Skipping incremental update: full analysis artifacts not ready yet
[stderr] 2026-07-24 14:07:53 INFO     [codeboarding_pro.analysis_controller:279] No cached analysis results; skipping health report
[stderr] 2026-07-24 14:08:41 INFO     [watchfiles.main:308] 1 change detected
[stderr] 2026-07-24 14:08:42 WARNING  [codeboarding_pro.analysis_controller:458] Skipping incremental update: full analysis artifacts not ready yet
[stderr] 2026-07-24 14:08:42 INFO     [codeboarding_pro.analysis_controller:279] No cached analysis results; skipping health report
[stderr] 2026-07-24 14:09:31 INFO     [watchfiles.main:308] 2 changes detected
[stderr] 2026-07-24 14:09:31 WARNING  [codeboarding_pro.analysis_controller:458] Skipping incremental update: full analysis artifacts not ready yet
[stderr] 2026-07-24 14:09:31 INFO     [codeboarding_pro.analysis_controller:279] No cached analysis results; skipping health report
[stderr] 2026-07-24 14:09:35 INFO     [watchfiles.main:308] 2 changes detected
[stderr] 2026-07-24 14:09:35 WARNING  [codeboarding_pro.analysis_controller:458] Skipping incremental update: full analysis artifacts not ready yet
[stderr] 2026-07-24 14:09:35 INFO     [codeboarding_pro.analysis_controller:279] No cached analysis results; skipping health report
[stderr] 2026-07-24 14:10:23 INFO     [watchfiles.main:308] 1 change detected
[stderr] 2026-07-24 14:10:23 WARNING  [codeboarding_pro.analysis_controller:458] Skipping incremental update: full analysis artifacts not ready yet
[stderr] 2026-07-24 14:10:23 INFO     [codeboarding_pro.analysis_controller:279] No cached analysis results; skipping health report
[stderr] 2026-07-24 14:10:27 INFO     [watchfiles.main:308] 1 change detected
[stderr] 2026-07-24 14:10:28 WARNING  [codeboarding_pro.analysis_controller:458] Skipping incremental update: full analysis artifacts not ready yet
[stderr] 2026-07-24 14:10:28 INFO     [codeboarding_pro.analysis_controller:279] No cached analysis results; skipping health report
[stderr] 2026-07-24 14:10:43 INFO     [watchfiles.main:308] 2 changes detected
[stderr] 2026-07-24 14:10:44 WARNING  [codeboarding_pro.analysis_controller:458] Skipping incremental update: full analysis artifacts not ready yet
[stderr] 2026-07-24 14:10:44 INFO     [codeboarding_pro.analysis_controller:279] No cached analysis results; skipping health report
[stderr] 2026-07-24 14:10:48 INFO     [watchfiles.main:308] 2 changes detected
[stderr] 2026-07-24 14:10:49 WARNING  [codeboarding_pro.analysis_controller:458] Skipping incremental update: full analysis artifacts not ready yet
[stderr] 2026-07-24 14:10:49 INFO     [codeboarding_pro.analysis_controller:279] No cached analysis results; skipping health report
[stderr] 2026-07-24 14:11:00 INFO     [watchfiles.main:308] 1 change detected
[stderr] 2026-07-24 14:11:01 WARNING  [codeboarding_pro.analysis_controller:458] Skipping incremental update: full analysis artifacts not ready yet
[stderr] 2026-07-24 14:11:01 INFO     [codeboarding_pro.analysis_controller:279] No cached analysis results; skipping health report
[stderr] 2026-07-24 14:31:18 INFO     [watchfiles.main:308] 1 change detected
[stderr] 2026-07-24 14:31:18 WARNING  [codeboarding_pro.analysis_controller:458] Skipping incremental update: full analysis artifacts not ready yet
[stderr] 2026-07-24 14:31:18 INFO     [codeboarding_pro.analysis_controller:279] No cached analysis results; skipping health report
[stderr] 2026-07-24 14:31:34 INFO     [watchfiles.main:308] 1 change detected
[stderr] 2026-07-24 14:31:34 WARNING  [codeboarding_pro.analysis_controller:458] Skipping incremental update: full analysis artifacts not ready yet
[stderr] 2026-07-24 14:31:34 INFO     [codeboarding_pro.analysis_controller:279] No cached analysis results; skipping health report
[stderr] 2026-07-24 14:31:42 INFO     [watchfiles.main:308] 1 change detected
[stderr] 2026-07-24 14:31:43 WARNING  [codeboarding_pro.analysis_controller:458] Skipping incremental update: full analysis artifacts not ready yet
[stderr] 2026-07-24 14:31:43 INFO     [codeboarding_pro.analysis_controller:279] No cached analysis results; skipping health report
[stderr] 2026-07-24 14:31:52 INFO     [watchfiles.main:308] 1 change detected
[stderr] 2026-07-24 14:31:52 WARNING  [codeboarding_pro.analysis_controller:458] Skipping incremental update: full analysis artifacts not ready yet
[stderr] 2026-07-24 14:31:52 INFO     [codeboarding_pro.analysis_controller:279] No cached analysis results; skipping health report
[stderr] 2026-07-24 14:31:58 INFO     [watchfiles.main:308] 1 change detected
[stderr] 2026-07-24 14:31:58 WARNING  [codeboarding_pro.analysis_controller:458] Skipping incremental update: full analysis artifacts not ready yet
[stderr] 2026-07-24 14:31:58 INFO     [codeboarding_pro.analysis_controller:279] No cached analysis results; skipping health report
[stderr] 2026-07-24 14:32:04 INFO     [watchfiles.main:308] 1 change detected
[stderr] 2026-07-24 14:32:04 WARNING  [codeboarding_pro.analysis_controller:458] Skipping incremental update: full analysis artifacts not ready yet
[stderr] 2026-07-24 14:32:04 INFO     [codeboarding_pro.analysis_controller:279] No cached analysis results; skipping health report
[stderr] 2026-07-24 14:32:10 INFO     [watchfiles.main:308] 1 change detected
[stderr] 2026-07-24 14:32:11 WARNING  [codeboarding_pro.analysis_controller:458] Skipping incremental update: full analysis artifacts not ready yet
[stderr] 2026-07-24 14:32:11 INFO     [codeboarding_pro.analysis_controller:279] No cached analysis results; skipping health report
[stderr] 2026-07-24 14:32:18 INFO     [watchfiles.main:308] 1 change detected
[stderr] 2026-07-24 14:32:18 WARNING  [codeboarding_pro.analysis_controller:458] Skipping incremental update: full analysis artifacts not ready yet
[stderr] 2026-07-24 14:32:18 INFO     [codeboarding_pro.analysis_controller:279] No cached analysis results; skipping health report
[stderr] 2026-07-24 14:33:30 INFO     [watchfiles.main:308] 1 change detected
[stderr] 2026-07-24 14:33:31 WARNING  [codeboarding_pro.analysis_controller:458] Skipping incremental update: full analysis artifacts not ready yet
[stderr] 2026-07-24 14:33:31 INFO     [codeboarding_pro.analysis_controller:279] No cached analysis results; skipping health report
[stderr] 2026-07-24 14:34:04 INFO     [watchfiles.main:308] 1 change detected
[stderr] 2026-07-24 14:34:04 WARNING  [codeboarding_pro.analysis_controller:458] Skipping incremental update: full analysis artifacts not ready yet
[stderr] 2026-07-24 14:34:04 INFO     [codeboarding_pro.analysis_controller:279] No cached analysis results; skipping health report
[stderr] 2026-07-24 14:34:17 INFO     [watchfiles.main:308] 1 change detected
[stderr] 2026-07-24 14:34:17 WARNING  [codeboarding_pro.analysis_controller:458] Skipping incremental update: full analysis artifacts not ready yet
[stderr] 2026-07-24 14:34:17 INFO     [codeboarding_pro.analysis_controller:279] No cached analysis results; skipping health report
[stderr] 2026-07-24 14:34:34 INFO     [watchfiles.main:308] 1 change detected
[stderr] 2026-07-24 14:34:35 WARNING  [codeboarding_pro.analysis_controller:458] Skipping incremental update: full analysis artifacts not ready yet
[stderr] 2026-07-24 14:34:35 INFO     [codeboarding_pro.analysis_controller:279] No cached analysis results; skipping health report
[stderr] 2026-07-24 14:34:42 INFO     [watchfiles.main:308] 1 change detected
[stderr] 2026-07-24 14:34:42 WARNING  [codeboarding_pro.analysis_controller:458] Skipping incremental update: full analysis artifacts not ready yet
[stderr] 2026-07-24 14:34:42 INFO     [codeboarding_pro.analysis_controller:279] No cached analysis results; skipping health report
[stderr] 2026-07-24 14:34:47 INFO     [watchfiles.main:308] 1 change detected
[stderr] 2026-07-24 14:34:48 WARNING  [codeboarding_pro.analysis_controller:458] Skipping incremental update: full analysis artifacts not ready yet
[stderr] 2026-07-24 14:34:48 INFO     [codeboarding_pro.analysis_controller:279] No cached analysis results; skipping health report
[stderr] 2026-07-24 14:34:56 INFO     [watchfiles.main:308] 1 change detected
[stderr] 2026-07-24 14:34:56 WARNING  [codeboarding_pro.analysis_controller:458] Skipping incremental update: full analysis artifacts not ready yet
[stderr] 2026-07-24 14:34:56 INFO     [codeboarding_pro.analysis_controller:279] No cached analysis results; skipping health report
[stderr] 2026-07-24 14:35:01 INFO     [watchfiles.main:308] 4 changes detected
[stderr] 2026-07-24 14:35:02 WARNING  [codeboarding_pro.analysis_controller:458] Skipping incremental update: full analysis artifacts not ready yet
[stderr] 2026-07-24 14:35:02 INFO     [codeboarding_pro.analysis_controller:279] No cached analysis results; skipping health report
[stderr] 2026-07-24 14:36:07 INFO     [watchfiles.main:308] 1 change detected
[stderr] 2026-07-24 14:36:08 WARNING  [codeboarding_pro.analysis_controller:458] Skipping incremental update: full analysis artifacts not ready yet
[stderr] 2026-07-24 14:36:08 INFO     [codeboarding_pro.analysis_controller:279] No cached analysis results; skipping health report
[stderr] 2026-07-24 14:36:13 INFO     [watchfiles.main:308] 1 change detected
[stderr] 2026-07-24 14:36:14 WARNING  [codeboarding_pro.analysis_controller:458] Skipping incremental update: full analysis artifacts not ready yet
[stderr] 2026-07-24 14:36:14 INFO     [codeboarding_pro.analysis_controller:279] No cached analysis results; skipping health report
[stderr] 2026-07-24 14:36:20 INFO     [watchfiles.main:308] 1 change detected
[stderr] 2026-07-24 14:36:21 WARNING  [codeboarding_pro.analysis_controller:458] Skipping incremental update: full analysis artifacts not ready yet
[stderr] 2026-07-24 14:36:21 INFO     [codeboarding_pro.analysis_controller:279] No cached analysis results; skipping health report
[stderr] 2026-07-24 14:36:24 INFO     [watchfiles.main:308] 1 change detected
[stderr] 2026-07-24 14:36:25 WARNING  [codeboarding_pro.analysis_controller:458] Skipping incremental update: full analysis artifacts not ready yet
[stderr] 2026-07-24 14:36:25 INFO     [codeboarding_pro.analysis_controller:279] No cached analysis results; skipping health report
[stderr] 2026-07-24 14:36:33 INFO     [watchfiles.main:308] 1 change detected
[stderr] 2026-07-24 14:36:34 WARNING  [codeboarding_pro.analysis_controller:458] Skipping incremental update: full analysis artifacts not ready yet
[stderr] 2026-07-24 14:36:34 INFO     [codeboarding_pro.analysis_controller:279] No cached analysis results; skipping health report
[stderr] 2026-07-24 14:36:50 INFO     [watchfiles.main:308] 1 change detected
[stderr] 2026-07-24 14:36:51 WARNING  [codeboarding_pro.analysis_controller:458] Skipping incremental update: full analysis artifacts not ready yet
[stderr] 2026-07-24 14:36:51 INFO     [codeboarding_pro.analysis_controller:279] No cached analysis results; skipping health report
[stderr] 2026-07-24 14:37:10 INFO     [watchfiles.main:308] 1 change detected
[stderr] 2026-07-24 14:37:10 WARNING  [codeboarding_pro.analysis_controller:458] Skipping incremental update: full analysis artifacts not ready yet
[stderr] 2026-07-24 14:37:10 INFO     [codeboarding_pro.analysis_controller:279] No cached analysis results; skipping health report
[stderr] 2026-07-24 14:37:35 INFO     [watchfiles.main:308] 1 change detected
[stderr] 2026-07-24 14:37:35 WARNING  [codeboarding_pro.analysis_controller:458] Skipping incremental update: full analysis artifacts not ready yet
[stderr] 2026-07-24 14:37:35 INFO     [codeboarding_pro.analysis_controller:279] No cached analysis results; skipping health report
[stderr] 2026-07-24 14:38:08 INFO     [watchfiles.main:308] 1 change detected
[stderr] 2026-07-24 14:38:08 WARNING  [codeboarding_pro.analysis_controller:458] Skipping incremental update: full analysis artifacts not ready yet
[stderr] 2026-07-24 14:38:08 INFO     [codeboarding_pro.analysis_controller:279] No cached analysis results; skipping health report
[stderr] 2026-07-24 14:38:17 INFO     [watchfiles.main:308] 1 change detected
[stderr] 2026-07-24 14:38:17 WARNING  [codeboarding_pro.analysis_controller:458] Skipping incremental update: full analysis artifacts not ready yet
[stderr] 2026-07-24 14:38:17 INFO     [codeboarding_pro.analysis_controller:279] No cached analysis results; skipping health report
[stderr] 2026-07-24 14:38:39 INFO     [watchfiles.main:308] 1 change detected
[stderr] 2026-07-24 14:38:39 WARNING  [codeboarding_pro.analysis_controller:458] Skipping incremental update: full analysis artifacts not ready yet
[stderr] 2026-07-24 14:38:39 INFO     [codeboarding_pro.analysis_controller:279] No cached analysis results; skipping health report
[stderr] 2026-07-24 14:40:06 INFO     [watchfiles.main:308] 1 change detected
[stderr] 2026-07-24 14:40:07 WARNING  [codeboarding_pro.analysis_controller:458] Skipping incremental update: full analysis artifacts not ready yet
[stderr] 2026-07-24 14:40:07 INFO     [codeboarding_pro.analysis_controller:279] No cached analysis results; skipping health report
[stderr] 2026-07-24 14:40:13 INFO     [watchfiles.main:308] 1 change detected
[stderr] 2026-07-24 14:40:13 WARNING  [codeboarding_pro.analysis_controller:458] Skipping incremental update: full analysis artifacts not ready yet
[stderr] 2026-07-24 14:40:13 INFO     [codeboarding_pro.analysis_controller:279] No cached analysis results; skipping health report
[stderr] 2026-07-24 14:40:28 INFO     [watchfiles.main:308] 1 change detected
[stderr] 2026-07-24 14:40:28 WARNING  [codeboarding_pro.analysis_controller:458] Skipping incremental update: full analysis artifacts not ready yet
[stderr] 2026-07-24 14:40:28 INFO     [codeboarding_pro.analysis_controller:279] No cached analysis results; skipping health report
[stderr] 2026-07-24 14:40:33 INFO     [watchfiles.main:308] 1 change detected
[stderr] 2026-07-24 14:40:33 WARNING  [codeboarding_pro.analysis_controller:458] Skipping incremental update: full analysis artifacts not ready yet
[stderr] 2026-07-24 14:40:33 INFO     [codeboarding_pro.analysis_controller:279] No cached analysis results; skipping health report
[stderr] 2026-07-24 14:40:48 INFO     [watchfiles.main:308] 1 change detected
[stderr] 2026-07-24 14:40:49 WARNING  [codeboarding_pro.analysis_controller:458] Skipping incremental update: full analysis artifacts not ready yet
[stderr] 2026-07-24 14:40:49 INFO     [codeboarding_pro.analysis_controller:279] No cached analysis results; skipping health report
[stderr] 2026-07-24 14:41:16 INFO     [watchfiles.main:308] 1 change detected
[stderr] 2026-07-24 14:41:17 WARNING  [codeboarding_pro.analysis_controller:458] Skipping incremental update: full analysis artifacts not ready yet
[stderr] 2026-07-24 14:41:17 INFO     [codeboarding_pro.analysis_controller:279] No cached analysis results; skipping health report
[stderr] 2026-07-24 14:41:24 INFO     [watchfiles.main:308] 1 change detected
[stderr] 2026-07-24 14:41:25 WARNING  [codeboarding_pro.analysis_controller:458] Skipping incremental update: full analysis artifacts not ready yet
[stderr] 2026-07-24 14:41:25 INFO     [codeboarding_pro.analysis_controller:279] No cached analysis results; skipping health report
[stderr] 2026-07-24 14:41:34 INFO     [watchfiles.main:308] 1 change detected
[stderr] 2026-07-24 14:41:35 WARNING  [codeboarding_pro.analysis_controller:458] Skipping incremental update: full analysis artifacts not ready yet
[stderr] 2026-07-24 14:41:35 INFO     [codeboarding_pro.analysis_controller:279] No cached analysis results; skipping health report
[stderr] 2026-07-24 14:41:58 INFO     [watchfiles.main:308] 1 change detected
[stderr] 2026-07-24 14:41:58 WARNING  [codeboarding_pro.analysis_controller:458] Skipping incremental update: full analysis artifacts not ready yet
[stderr] 2026-07-24 14:41:58 INFO     [codeboarding_pro.analysis_controller:279] No cached analysis results; skipping health report
[stderr] 2026-07-24 14:42:03 INFO     [watchfiles.main:308] 1 change detected
[stderr] 2026-07-24 14:42:04 WARNING  [codeboarding_pro.analysis_controller:458] Skipping incremental update: full analysis artifacts not ready yet
[stderr] 2026-07-24 14:42:04 INFO     [codeboarding_pro.analysis_controller:279] No cached analysis results; skipping health report
[stderr] 2026-07-24 14:42:26 INFO     [watchfiles.main:308] 1 change detected
[stderr] 2026-07-24 14:42:26 WARNING  [codeboarding_pro.analysis_controller:458] Skipping incremental update: full analysis artifacts not ready yet
[stderr] 2026-07-24 14:42:26 INFO     [codeboarding_pro.analysis_controller:279] No cached analysis results; skipping health report
[stderr] 2026-07-24 14:44:39 INFO     [watchfiles.main:308] 1 change detected
[stderr] 2026-07-24 14:44:39 WARNING  [codeboarding_pro.analysis_controller:458] Skipping incremental update: full analysis artifacts not ready yet
[stderr] 2026-07-24 14:44:39 INFO     [codeboarding_pro.analysis_controller:279] No cached analysis results; skipping health report
[stderr] 2026-07-24 14:44:51 INFO     [watchfiles.main:308] 1 change detected
[stderr] 2026-07-24 14:44:52 WARNING  [codeboarding_pro.analysis_controller:458] Skipping incremental update: full analysis artifacts not ready yet
[stderr] 2026-07-24 14:44:52 INFO     [codeboarding_pro.analysis_controller:279] No cached analysis results; skipping health report
[stderr] 2026-07-24 14:45:10 INFO     [watchfiles.main:308] 1 change detected
[stderr] 2026-07-24 14:45:11 WARNING  [codeboarding_pro.analysis_controller:458] Skipping incremental update: full analysis artifacts not ready yet
[stderr] 2026-07-24 14:45:11 INFO     [codeboarding_pro.analysis_controller:279] No cached analysis results; skipping health report
[stderr] 2026-07-24 14:45:23 INFO     [watchfiles.main:308] 1 change detected
[stderr] 2026-07-24 14:45:23 WARNING  [codeboarding_pro.analysis_controller:458] Skipping incremental update: full analysis artifacts not ready yet
[stderr] 2026-07-24 14:45:23 INFO     [codeboarding_pro.analysis_controller:279] No cached analysis results; skipping health report
[stderr] 2026-07-24 14:45:38 INFO     [watchfiles.main:308] 1 change detected
[stderr] 2026-07-24 14:45:38 WARNING  [codeboarding_pro.analysis_controller:458] Skipping incremental update: full analysis artifacts not ready yet
[stderr] 2026-07-24 14:45:38 INFO     [codeboarding_pro.analysis_controller:279] No cached analysis results; skipping health report
[stderr] 2026-07-24 14:45:56 INFO     [watchfiles.main:308] 1 change detected
[stderr] 2026-07-24 14:45:56 WARNING  [codeboarding_pro.analysis_controller:458] Skipping incremental update: full analysis artifacts not ready yet
[stderr] 2026-07-24 14:45:56 INFO     [codeboarding_pro.analysis_controller:279] No cached analysis results; skipping health report
[stderr] 2026-07-24 14:46:16 INFO     [watchfiles.main:308] 1 change detected
[stderr] 2026-07-24 14:46:17 WARNING  [codeboarding_pro.analysis_controller:458] Skipping incremental update: full analysis artifacts not ready yet
[stderr] 2026-07-24 14:46:17 INFO     [codeboarding_pro.analysis_controller:279] No cached analysis results; skipping health report
[stderr] 2026-07-24 14:46:26 INFO     [watchfiles.main:308] 1 change detected
[stderr] 2026-07-24 14:46:26 WARNING  [codeboarding_pro.analysis_controller:458] Skipping incremental update: full analysis artifacts not ready yet
[stderr] 2026-07-24 14:46:26 INFO     [codeboarding_pro.analysis_controller:279] No cached analysis results; skipping health report
[stderr] 2026-07-24 14:46:59 INFO     [watchfiles.main:308] 1 change detected
[stderr] 2026-07-24 14:46:59 WARNING  [codeboarding_pro.analysis_controller:458] Skipping incremental update: full analysis artifacts not ready yet
[stderr] 2026-07-24 14:46:59 INFO     [codeboarding_pro.analysis_controller:279] No cached analysis results; skipping health report
[stderr] 2026-07-24 14:47:33 INFO     [watchfiles.main:308] 2 changes detected
[stderr] 2026-07-24 14:47:34 WARNING  [codeboarding_pro.analysis_controller:458] Skipping incremental update: full analysis artifacts not ready yet
[stderr] 2026-07-24 14:47:34 INFO     [codeboarding_pro.analysis_controller:279] No cached analysis results; skipping health report
[stderr] 2026-07-24 14:48:00 INFO     [watchfiles.main:308] 1 change detected
[stderr] 2026-07-24 14:48:00 WARNING  [codeboarding_pro.analysis_controller:458] Skipping incremental update: full analysis artifacts not ready yet
[stderr] 2026-07-24 14:48:00 INFO     [codeboarding_pro.analysis_controller:279] No cached analysis results; skipping health report
[stderr] 2026-07-24 14:49:11 INFO     [watchfiles.main:308] 1 change detected
[stderr] 2026-07-24 14:49:12 WARNING  [codeboarding_pro.analysis_controller:458] Skipping incremental update: full analysis artifacts not ready yet
[stderr] 2026-07-24 14:49:12 INFO     [codeboarding_pro.analysis_controller:279] No cached analysis results; skipping health report
[stderr] 2026-07-24 14:50:02 INFO     [watchfiles.main:308] 1 change detected
[stderr] 2026-07-24 14:50:03 WARNING  [codeboarding_pro.analysis_controller:458] Skipping incremental update: full analysis artifacts not ready yet
[stderr] 2026-07-24 14:50:03 INFO     [codeboarding_pro.analysis_controller:279] No cached analysis results; skipping health report
[stderr] 2026-07-24 14:51:41 INFO     [watchfiles.main:308] 1 change detected
[stderr] 2026-07-24 14:51:42 WARNING  [codeboarding_pro.analysis_controller:458] Skipping incremental update: full analysis artifacts not ready yet
[stderr] 2026-07-24 14:51:42 INFO     [codeboarding_pro.analysis_controller:279] No cached analysis results; skipping health report
[stderr] 2026-07-24 14:51:48 INFO     [watchfiles.main:308] 1 change detected
[stderr] 2026-07-24 14:51:48 WARNING  [codeboarding_pro.analysis_controller:458] Skipping incremental update: full analysis artifacts not ready yet
[stderr] 2026-07-24 14:51:48 INFO     [codeboarding_pro.analysis_controller:279] No cached analysis results; skipping health report
[stderr] 2026-07-24 14:51:52 INFO     [watchfiles.main:308] 1 change detected
[stderr] 2026-07-24 14:51:52 WARNING  [codeboarding_pro.analysis_controller:458] Skipping incremental update: full analysis artifacts not ready yet
[stderr] 2026-07-24 14:51:52 INFO     [codeboarding_pro.analysis_controller:279] No cached analysis results; skipping health report
[stderr] 2026-07-24 14:51:58 INFO     [watchfiles.main:308] 1 change detected
[stderr] 2026-07-24 14:51:58 WARNING  [codeboarding_pro.analysis_controller:458] Skipping incremental update: full analysis artifacts not ready yet
[stderr] 2026-07-24 14:51:58 INFO     [codeboarding_pro.analysis_controller:279] No cached analysis results; skipping health report
[stderr] 2026-07-24 14:52:07 INFO     [watchfiles.main:308] 1 change detected
[stderr] 2026-07-24 14:52:08 WARNING  [codeboarding_pro.analysis_controller:458] Skipping incremental update: full analysis artifacts not ready yet
[stderr] 2026-07-24 14:52:08 INFO     [codeboarding_pro.analysis_controller:279] No cached analysis results; skipping health report
[stderr] 2026-07-24 14:53:00 INFO     [watchfiles.main:308] 2 changes detected
[stderr] 2026-07-24 14:53:00 WARNING  [codeboarding_pro.analysis_controller:458] Skipping incremental update: full analysis artifacts not ready yet
[stderr] 2026-07-24 14:53:00 INFO     [codeboarding_pro.analysis_controller:279] No cached analysis results; skipping health report
[stderr] 2026-07-24 14:54:20 INFO     [watchfiles.main:308] 1 change detected
[stderr] 2026-07-24 14:54:20 WARNING  [codeboarding_pro.analysis_controller:458] Skipping incremental update: full analysis artifacts not ready yet
[stderr] 2026-07-24 14:54:20 INFO     [codeboarding_pro.analysis_controller:279] No cached analysis results; skipping health report
[stderr] 2026-07-24 14:54:24 INFO     [watchfiles.main:308] 1 change detected
[stderr] 2026-07-24 14:54:24 WARNING  [codeboarding_pro.analysis_controller:458] Skipping incremental update: full analysis artifacts not ready yet
[stderr] 2026-07-24 14:54:24 INFO     [codeboarding_pro.analysis_controller:279] No cached analysis results; skipping health report
[stderr] 2026-07-24 14:54:47 INFO     [watchfiles.main:308] 1 change detected
[stderr] 2026-07-24 14:54:47 WARNING  [codeboarding_pro.analysis_controller:458] Skipping incremental update: full analysis artifacts not ready yet
[stderr] 2026-07-24 14:54:47 INFO     [codeboarding_pro.analysis_controller:279] No cached analysis results; skipping health report
[stderr] 2026-07-24 14:54:57 INFO     [watchfiles.main:308] 1 change detected
[stderr] 2026-07-24 14:54:57 WARNING  [codeboarding_pro.analysis_controller:458] Skipping incremental update: full analysis artifacts not ready yet
[stderr] 2026-07-24 14:54:57 INFO     [codeboarding_pro.analysis_controller:279] No cached analysis results; skipping health report
[stderr] 2026-07-24 14:55:33 INFO     [watchfiles.main:308] 1 change detected
[stderr] 2026-07-24 14:55:33 WARNING  [codeboarding_pro.analysis_controller:458] Skipping incremental update: full analysis artifacts not ready yet
[stderr] 2026-07-24 14:55:33 INFO     [codeboarding_pro.analysis_controller:279] No cached analysis results; skipping health report
[stderr] 2026-07-24 14:55:42 INFO     [watchfiles.main:308] 1 change detected
[stderr] 2026-07-24 14:55:43 WARNING  [codeboarding_pro.analysis_controller:458] Skipping incremental update: full analysis artifacts not ready yet
[stderr] 2026-07-24 14:55:43 INFO     [codeboarding_pro.analysis_controller:279] No cached analysis results; skipping health report
[stderr] 2026-07-24 14:56:30 INFO     [watchfiles.main:308] 1 change detected
[stderr] 2026-07-24 14:56:31 WARNING  [codeboarding_pro.analysis_controller:458] Skipping incremental update: full analysis artifacts not ready yet
[stderr] 2026-07-24 14:56:31 INFO     [codeboarding_pro.analysis_controller:279] No cached analysis results; skipping health report
[stderr] 2026-07-24 14:57:31 INFO     [watchfiles.main:308] 1 change detected
[stderr] 2026-07-24 14:57:31 WARNING  [codeboarding_pro.analysis_controller:458] Skipping incremental update: full analysis artifacts not ready yet
[stderr] 2026-07-24 14:57:31 INFO     [codeboarding_pro.analysis_controller:279] No cached analysis results; skipping health report
[stderr] 2026-07-24 14:57:34 INFO     [watchfiles.main:308] 1 change detected
[stderr] 2026-07-24 14:57:35 WARNING  [codeboarding_pro.analysis_controller:458] Skipping incremental update: full analysis artifacts not ready yet
[stderr] 2026-07-24 14:57:35 INFO     [codeboarding_pro.analysis_controller:279] No cached analysis results; skipping health report
[stderr] 2026-07-24 14:58:10 INFO     [watchfiles.main:308] 4 changes detected
[stderr] 2026-07-24 14:58:11 WARNING  [codeboarding_pro.analysis_controller:458] Skipping incremental update: full analysis artifacts not ready yet
[stderr] 2026-07-24 14:58:11 INFO     [codeboarding_pro.analysis_controller:279] No cached analysis results; skipping health report
[stderr] 2026-07-24 14:59:04 INFO     [watchfiles.main:308] 8 changes detected
[stderr] 2026-07-24 14:59:05 WARNING  [codeboarding_pro.analysis_controller:458] Skipping incremental update: full analysis artifacts not ready yet
[stderr] 2026-07-24 14:59:05 INFO     [codeboarding_pro.analysis_controller:279] No cached analysis results; skipping health report
[stderr] 2026-07-24 14:59:08 INFO     [static_analyzer.engine.lsp_client:773] LSP server: rust-analyzer quiescent (health=warning)
[stderr] 2026-07-24 14:59:08 INFO     [static_analyzer.engine.lsp_client:773] LSP server: rust-analyzer quiescent (health=warning)
[stderr] 2026-07-24 14:59:12 INFO     [watchfiles.main:308] 8 changes detected
[stderr] 2026-07-24 14:59:12 WARNING  [codeboarding_pro.analysis_controller:458] Skipping incremental update: full analysis artifacts not ready yet
[stderr] 2026-07-24 14:59:12 INFO     [codeboarding_pro.analysis_controller:279] No cached analysis results; skipping health report
[stderr] 2026-07-24 14:59:16 INFO     [static_analyzer.engine.lsp_client:773] LSP server: rust-analyzer quiescent (health=warning)
